timestamp,T_reactor_F,P_reactor_psig,F_feed_bbl_per_min,L_drum_pct,V_valve_pct,anomaly_flag,anomaly_type,anomaly_start,anomaly_end
2025-01-01 00:00:00,250.24377366380355,119.60122439996212,12.045837028785373,59.509469798498415,69.4177664493382,0,none,,
2025-01-01 00:01:00,249.20919257071606,120.23726327980597,12.141923569233125,60.34987187302572,67.23016800983048,0,none,,
2025-01-01 00:02:00,250.68272016963542,119.20740508076078,12.128563728891626,59.01804861118716,65.86111932795468,0,none,,
2025-01-01 00:03:00,250.87598934654102,120.92594727834391,12.194677807859648,60.571730025812855,68.91357149774863,0,none,,
2025-01-01 00:04:00,248.60388628770062,119.99721442006042,12.031113813744408,59.72810579866406,66.20785107572476,0,none,,
2025-01-01 00:05:00,249.16414570471753,120.27856145047652,12.084761912660586,60.26918741832009,66.80710595161945,0,none,,
2025-01-01 00:06:00,250.34933401238106,121.5209102458987,12.123802512724586,61.705649189758105,66.08612888728234,0,none,,
2025-01-01 00:07:00,250.03523700538406,121.0562103433782,12.076149475806695,61.28582142321995,68.67491172192278,0,none,,
2025-01-01 00:08:00,250.3159560542116,119.98330936898402,12.00313793147303,61.466717883633265,66.58765961625281,0,none,,
2025-01-01 00:09:00,249.68812375249553,119.83221742847546,12.020656058323738,59.453387460630374,66.91340570511593,0,none,,
2025-01-01 00:10:00,251.11523470408227,120.0137214615016,11.955681955582538,62.791157853198214,68.19820842656455,0,none,,
2025-01-01 00:11:00,251.07510231947123,120.53588427038929,12.149338097681182,60.15386972597355,67.4747416345876,0,none,,
2025-01-01 00:12:00,250.54684029550663,120.18770541005685,12.079758402911365,62.688981672775675,66.7255183610833,0,none,,
2025-01-01 00:13:00,251.4369496909547,120.03458548190636,12.002133639713898,62.317457368070514,68.14062227895168,0,none,,
2025-01-01 00:14:00,250.9502987110108,121.17293009926257,12.0100045923966,62.000509391611,69.87100346960516,0,none,,
2025-01-01 00:15:00,249.92998480507427,120.24498188800867,11.93549438404226,60.79229150856001,67.22163819620393,0,none,,
2025-01-01 00:16:00,250.95353946973077,121.71414464018271,12.271573215676234,61.77707777800117,66.99602966159513,0,none,,
2025-01-01 00:17:00,249.93254486050918,120.4097167637398,12.144211111442669,61.29366394898878,67.07509012637519,0,none,,
2025-01-01 00:18:00,251.4435148154129,121.44733877585446,12.010647215377553,61.81842892032127,68.456519686972,0,none,,
2025-01-01 00:19:00,250.74190851628424,120.61141217240689,12.268974138257699,61.640139361847424,66.17787875523092,0,none,,
2025-01-01 00:20:00,250.67504456564976,120.99566570081882,12.071224105592357,60.100914875233485,66.57509039234802,0,none,,
2025-01-01 00:21:00,250.31926607645724,120.00398741574787,11.95188917586721,63.01379733261644,65.07553769423743,0,none,,
2025-01-01 00:22:00,251.8831075860606,119.9473588477481,12.323592550205223,61.997588876806056,65.5104666597708,0,none,,
2025-01-01 00:23:00,250.8225047840174,120.75629372703919,12.097360396550425,61.698504910336574,66.31962687934147,0,none,,
2025-01-01 00:24:00,250.64450852187545,121.09445310364832,12.12407533309365,61.69259737563609,66.88298011991733,0,none,,
2025-01-01 00:25:00,250.7464944087212,120.54632108833019,12.199040682234275,62.57937987622117,69.08135997664436,0,none,,
2025-01-01 00:26:00,251.49506663105012,119.77117203336955,12.371672498958779,61.51004944403436,67.60924375100875,0,none,,
2025-01-01 00:27:00,251.4025796362383,119.747688473871,12.210675827876443,60.340207990601336,65.87838666610467,0,none,,
2025-01-01 00:28:00,251.48140214970766,119.72839151720113,12.035153200805397,62.78947372826899,66.1053681341639,0,none,,
2025-01-01 00:29:00,251.5368506172213,119.54492415507595,12.303916013122729,62.94117938065409,68.6339416548123,0,none,,
2025-01-01 00:30:00,252.94647523401667,120.69200669621839,12.156861600779795,62.34297116864887,68.34070827064926,0,none,,
2025-01-01 00:31:00,250.94897356853465,121.32215367870913,12.52003490955998,61.53588888259369,67.02632196389341,0,none,,
2025-01-01 00:32:00,250.90524442250316,120.65988328024528,12.243874027545797,62.69309952530061,66.46450972127099,0,none,,
2025-01-01 00:33:00,250.70493754934878,119.33248270057524,11.915940517837656,61.336715464178,68.34769315110051,0,none,,
2025-01-01 00:34:00,251.88964000483804,120.5950672516233,12.31191140390833,61.769692391213816,65.80724607977344,0,none,,
2025-01-01 00:35:00,252.34091815131623,120.63262906749523,12.557062882970435,62.05563339011791,67.47037244770996,0,none,,
2025-01-01 00:36:00,251.38744882411748,122.00868541273583,12.508782343125537,63.525513284355654,69.72705647544959,0,none,,
2025-01-01 00:37:00,250.84733021205295,119.89757366625784,12.554011855508552,62.47195926362148,67.24545460726216,0,none,,
2025-01-01 00:38:00,250.9007006626111,120.55821245309217,12.133331228348545,62.42519490637578,66.06669099336044,0,none,,
2025-01-01 00:39:00,252.12157125335392,121.83688536794931,12.42999560429469,64.6150789305038,67.48749204537765,0,none,,
2025-01-01 00:40:00,252.23649240296433,121.10410744897526,12.191700819039493,63.19825993402515,66.42789928703492,0,none,,
2025-01-01 00:41:00,252.11718468748722,121.19284670779446,12.34041926155877,63.208926123651985,65.31506414333504,0,none,,
2025-01-01 00:42:00,251.19100538712192,120.9443394759447,12.122556274518608,62.59148018769778,67.82457348077779,0,none,,
2025-01-01 00:43:00,251.9498732745058,121.0942762132162,12.22350034481696,62.40544236028259,68.31929282102632,0,none,,
2025-01-01 00:44:00,251.89820261957183,121.38358820660848,12.225346416404475,60.98995780390077,66.59859962127388,0,none,,
2025-01-01 00:45:00,252.02049280947998,120.45203401370468,12.468125431833155,63.84271281771119,66.51203638212756,0,none,,
2025-01-01 00:46:00,252.58335062886172,121.48525498338792,12.459951610405348,63.38501981621434,65.80310852503447,0,none,,
2025-01-01 00:47:00,252.10572694586082,120.15530256771912,12.387810073421964,62.82855517446293,66.76856916513513,0,none,,
2025-01-01 00:48:00,252.51060099536406,121.19680001074332,12.150107938667176,62.87213025215327,66.26439273706627,0,none,,
2025-01-01 00:49:00,252.0621292885298,121.12768875836291,12.312248845249938,63.661558287633454,65.71597751811456,0,none,,
2025-01-01 00:50:00,252.2799332025806,120.67132318192999,12.253339384963823,61.600746972064556,69.18904141752142,0,none,,
2025-01-01 00:51:00,252.59421519079982,121.04813242235838,12.501907733090073,62.46761355243119,67.46669359524427,0,none,,
2025-01-01 00:52:00,250.96398167017867,120.70885354426032,12.55431996255248,61.97191846457995,67.58148231922145,0,none,,
2025-01-01 00:53:00,251.91446537244863,120.459980181189,12.542121239092983,64.58259845589842,67.94163757526334,0,none,,
2025-01-01 00:54:00,251.83437405970122,120.91144456467158,12.276385916085557,63.767545845486666,67.79299681522144,0,none,,
2025-01-01 00:55:00,251.74001307536236,120.48182154959244,11.984677520716618,60.98581763539946,66.35746354777092,0,none,,
2025-01-01 00:56:00,252.07141757261667,121.35848321745512,12.136434079095807,61.59221349064542,67.16494924459597,0,none,,
2025-01-01 00:57:00,253.52787280716146,120.49533193608106,12.620524494032097,62.819422742900265,66.49899027055412,0,none,,
2025-01-01 00:58:00,251.67961513177204,121.63313622393073,12.352824504518278,62.49485439804475,67.33117586584632,0,none,,
2025-01-01 00:59:00,253.18723437290635,120.51761742975653,12.30606558316524,61.70721081749602,67.197494996636,0,none,,
2025-01-01 01:00:00,251.10661845332248,120.90727066340769,12.670663112727363,64.62613887543158,66.30997571569365,0,none,,
2025-01-01 01:01:00,252.22527926275924,120.89281599121583,12.619555157878041,63.13143777983466,65.15496934091308,0,none,,
2025-01-01 01:02:00,252.66363270855356,122.08318397752055,12.43889193089534,63.24939431122948,66.90583182888516,0,none,,
2025-01-01 01:03:00,253.04262056427785,121.50677509203264,12.396583042001815,62.16877125461161,66.46470546883292,0,none,,
2025-01-01 01:04:00,253.18280539873626,121.20205310801586,12.426071713364468,63.4087831374676,64.42012784227953,0,none,,
2025-01-01 01:05:00,253.28865187234587,121.64880419971932,12.485178304245506,62.381135229940845,67.27578086995321,0,none,,
2025-01-01 01:06:00,252.4151120104248,120.10572295336199,12.69625067155796,62.43095150785757,67.80227842337234,0,none,,
2025-01-01 01:07:00,252.3642961746729,121.36461051655068,12.524675212879659,63.19595655942421,69.65444822534245,0,none,,
2025-01-01 01:08:00,253.46061093334214,122.6094377684897,12.575191931830055,61.13772235605464,66.12681001380933,0,none,,
2025-01-01 01:09:00,252.66120598994814,121.51076184128053,12.646580674888973,63.996594410220226,65.92489595181922,0,none,,
2025-01-01 01:10:00,251.8336857383553,121.49251240026229,12.30056060402108,62.67656617468312,65.21442757843016,0,none,,
2025-01-01 01:11:00,251.9875560229653,121.80103777535534,12.593981571485743,63.61612385975941,66.76976787665392,0,none,,
2025-01-01 01:12:00,252.19854013744842,122.02990563192597,12.441224883425727,61.44398109574484,66.73512925403926,0,none,,
2025-01-01 01:13:00,253.3717114341455,120.31442950047546,12.112570653731092,61.52733734590703,65.49102972506623,0,none,,
2025-01-01 01:14:00,253.12776852728703,120.52386575193812,12.175250281875337,61.256561464200175,66.22619844321648,0,none,,
2025-01-01 01:15:00,253.60602507507318,121.67977343790959,12.346164125653724,62.46940093245853,64.03253868370304,0,none,,
2025-01-01 01:16:00,252.75160680967372,121.1449944490044,12.582885825056142,62.24317272911123,67.48871017082459,0,none,,
2025-01-01 01:17:00,253.25997562443808,122.3814417704889,12.52450662782343,61.70328359905956,65.42166423499185,0,none,,
2025-01-01 01:18:00,253.6733134705765,121.4254125141533,12.539239104688805,61.14388923872816,66.27361703509798,0,none,,
2025-01-01 01:19:00,252.96502307624377,120.47407335358045,12.808285369303876,60.849762651575425,64.5712053280748,0,none,,
2025-01-01 01:20:00,253.61754104999994,120.89424200820777,12.329251800041693,61.87708243580208,65.55175686332659,0,none,,
2025-01-01 01:21:00,252.76216158961165,120.02548703091539,12.519382601116119,61.4306003787595,65.88173010084347,0,none,,
2025-01-01 01:22:00,253.04080121030472,121.55504313077891,12.572955596019252,61.159406258241404,66.16966698072405,0,none,,
2025-01-01 01:23:00,253.06535591278765,121.60269711863566,12.420551614997075,63.093592986764776,66.72419346840401,0,none,,
2025-01-01 01:24:00,252.45353598080058,121.48124224799412,12.538852926275462,61.5498379825272,67.84002874876356,0,none,,
2025-01-01 01:25:00,253.8392062143307,122.40342251912709,12.298131244806962,62.68767066351088,66.95634560416477,0,none,,
2025-01-01 01:26:00,253.11348548818358,122.49536496872075,12.75303710320117,60.983412430324734,67.19497732720623,0,none,,
2025-01-01 01:27:00,253.53833992004118,121.69416053976093,12.442643721415484,61.60037662612905,67.73832981422947,0,none,,
2025-01-01 01:28:00,253.95223688762022,120.53570028305366,12.852837299302337,61.24494469849557,66.64862104985886,0,none,,
2025-01-01 01:29:00,253.96411664493857,122.20699049167644,12.54640357750172,59.67989069764591,65.88223554066853,0,none,,
2025-01-01 01:30:00,254.17840868136875,122.18992471801786,12.70853575431665,62.40424197391343,67.09788116245413,0,none,,
2025-01-01 01:31:00,253.6064773822134,122.06241234618622,12.549290301374482,60.906222147294905,67.13457514757407,0,none,,
2025-01-01 01:32:00,253.3857481213003,122.48571567080805,12.555536681059241,61.606923541972826,66.58461895395898,0,none,,
2025-01-01 01:33:00,253.6996885695805,121.21796278308406,12.47531040157019,60.16380014145162,64.01952604532923,0,none,,
2025-01-01 01:34:00,252.45262686638506,123.1421259040242,12.583453484060248,60.595965784352614,64.71343398553516,0,none,,
2025-01-01 01:35:00,252.68379016121395,121.38121007276172,12.61585788185917,59.86610856268755,65.35084064003043,0,none,,
2025-01-01 01:36:00,252.82226016857126,122.42637536401001,12.452995133439815,61.65890436967896,66.5730672363739,0,none,,
2025-01-01 01:37:00,253.1215156535997,120.98438851488568,12.554255304295328,60.72531467709369,65.56814453741228,0,none,,
2025-01-01 01:38:00,254.27797883731617,121.45857429427858,12.483777011012348,60.67227635375758,66.9136274103975,0,none,,
2025-01-01 01:39:00,253.27257518093654,122.94647053187876,12.922422752314414,61.45954862442399,67.08268526210314,0,none,,
2025-01-01 01:40:00,253.73317952721268,121.90000576055124,12.566095880286698,61.17154947488072,66.89781850774352,0,none,,
2025-01-01 01:41:00,255.1137950776376,122.58037541283333,12.813323368578537,60.71174710156585,66.85927663996374,0,none,,
2025-01-01 01:42:00,253.82805540400062,122.23845097525228,12.554078602617453,58.63395068225847,64.12145573860258,0,none,,
2025-01-01 01:43:00,254.74168399920015,122.05313824991094,12.624098538535344,59.17646386126525,65.89764305939828,0,none,,
2025-01-01 01:44:00,253.44333273672655,122.9542380619323,12.388683949693492,58.78668260976857,64.54149441544689,0,none,,
2025-01-01 01:45:00,254.06438209501988,122.01372643075635,12.521410279461758,60.23114044493918,63.24312049857707,0,none,,
2025-01-01 01:46:00,253.50716923473038,121.10705166823644,12.62153314515676,59.614731053123215,64.82793291819867,0,none,,
2025-01-01 01:47:00,254.03436418550416,121.71330204742256,12.829234210078827,58.0931083923813,66.71291354928665,0,none,,
2025-01-01 01:48:00,255.01618950840322,122.54569128656988,12.625910421008523,59.05680167005773,65.62588869673009,0,none,,
2025-01-01 01:49:00,253.00038715214785,122.4719902516099,12.801348886270752,57.762784753668,67.44358231313959,0,none,,
2025-01-01 01:50:00,254.7680305942469,121.31413658294632,12.690976283354724,58.93920823061739,65.18354928212013,0,none,,
2025-01-01 01:51:00,254.64887560381646,121.83943078916786,12.839951275092659,57.375562536586884,67.85635334044285,0,none,,
2025-01-01 01:52:00,254.0215094121579,121.94464609744338,12.587856804625206,59.21851381690484,65.07959301239535,0,none,,
2025-01-01 01:53:00,253.3780717195983,122.09401741149357,12.956016363142567,58.95876669617802,64.84058772883071,0,none,,
2025-01-01 01:54:00,254.63065616772874,121.50734874748808,12.525340969802759,60.210682975932684,63.22485923288022,0,none,,
2025-01-01 01:55:00,254.18733844626527,121.97544925742679,12.48374607881351,59.13048012876416,66.03879659007269,0,none,,
2025-01-01 01:56:00,254.8349986905618,121.93485775946012,12.417669793399389,57.859610433388035,64.04904903109424,0,none,,
2025-01-01 01:57:00,254.70420916540047,122.85447305959954,12.949191122478144,58.848348436546125,63.82010980236433,0,none,,
2025-01-01 01:58:00,256.0059644736775,122.89653168685282,12.72271153087802,56.72509197737338,66.07850736463503,0,none,,
2025-01-01 01:59:00,254.57081452007284,122.34305498433473,12.549830486537358,56.986759597046515,65.87486363395253,0,none,,
2025-01-01 02:00:00,253.98120200590253,122.21477612247756,12.787353404531023,58.021939642512216,65.78693198492762,0,none,,
2025-01-01 02:01:00,254.98106437023822,122.55338952983729,12.703102424312071,55.64798390896556,63.93682926460867,0,none,,
2025-01-01 02:02:00,255.05122752494162,121.9989008429284,12.894713515691674,57.42447207723721,64.25279648860804,0,none,,
2025-01-01 02:03:00,256.00010857665467,121.82013346589217,12.367362496833445,56.406439293747454,64.18417807608569,0,none,,
2025-01-01 02:04:00,255.61831744619198,121.96346246191969,12.559373704605605,57.28190396036088,65.13659427774544,0,none,,
2025-01-01 02:05:00,255.27313639628275,122.16604524701842,12.529337146351738,56.08614892569703,66.00295885962684,0,none,,
2025-01-01 02:06:00,256.19563370127133,121.86816213191452,12.302097998778587,57.302692697339886,64.52111206712848,0,none,,
2025-01-01 02:07:00,254.11127309845295,122.68277054456739,12.756532037261751,56.80243666520245,66.38941310159146,0,none,,
2025-01-01 02:08:00,254.58771435919942,123.04262756485323,12.55615365385046,57.909000178286185,65.03594391080084,0,none,,
2025-01-01 02:09:00,254.39542634236926,121.67177730931009,12.70678575492094,56.51785860186275,63.61688396319673,0,none,,
2025-01-01 02:10:00,254.8619498075563,122.65832624759668,12.948832706973727,55.682685156614205,64.8320020202971,0,none,,
2025-01-01 02:11:00,254.10949791016293,122.53047470126018,12.54080427831766,56.014513895791225,65.82316093378121,0,none,,
2025-01-01 02:12:00,255.7559549675417,122.88650279885965,12.529440056958508,54.888769179475524,66.1120495612021,0,none,,
2025-01-01 02:13:00,255.10698121944046,122.69296981293763,12.609133260893445,56.325641598080125,65.07603528334913,0,none,,
2025-01-01 02:14:00,254.14497687627022,121.84768289532117,12.738040047485885,56.352226961318976,63.6198374456002,0,none,,
2025-01-01 02:15:00,254.5459581331516,121.9814920032347,12.503464214445415,57.90463164870616,63.2658650503479,0,none,,
2025-01-01 02:16:00,255.6459684987846,122.77563640402785,12.492244320870464,54.98348844817723,64.15366255915869,0,none,,
2025-01-01 02:17:00,256.1023308204859,123.39428087108497,12.743783782841312,55.16274590149081,65.4072510599885,0,none,,
2025-01-01 02:18:00,257.0658221349024,121.46750316968627,12.640217850814311,54.74607553436402,63.85473444128675,0,none,,
2025-01-01 02:19:00,257.8360705483837,123.02242785437171,12.274829306373329,55.31557723032685,63.81501393597461,0,none,,
2025-01-01 02:20:00,255.87298616472708,123.5477142940502,12.395746725853074,55.32857509610867,63.266258764196046,0,none,,
2025-01-01 02:21:00,254.7862406441979,122.76104744936934,12.80265852144627,54.79739952367327,62.74576629468539,0,none,,
2025-01-01 02:22:00,253.90858070968056,123.20187888689321,12.635581083382737,55.68356055884908,62.878984140141256,0,none,,
2025-01-01 02:23:00,255.8646671636997,122.46878271555491,12.458682577018724,54.01110562597843,63.17002965977464,0,none,,
2025-01-01 02:24:00,255.03635863750657,122.83784341116505,12.545072461191845,55.31459585081942,65.00288159404114,0,none,,
2025-01-01 02:25:00,255.39057208203775,121.95572600992406,12.570143578617314,54.77251383376254,62.58682565387657,0,none,,
2025-01-01 02:26:00,255.2692592812602,121.54045098182702,12.675944898697333,54.138082318330724,62.87062204940297,0,none,,
2025-01-01 02:27:00,255.68231489429087,123.5314709821618,12.359175292324673,53.72676900080084,61.70173186336901,0,none,,
2025-01-01 02:28:00,256.6836743235424,122.39354060124546,12.434005885097752,56.05581719060296,63.53253934100166,0,none,,
2025-01-01 02:29:00,255.99240278221365,122.72991826310518,12.598229094952664,52.9984563080514,64.24470100233259,0,none,,
2025-01-01 02:30:00,255.77566070442137,122.19003822055969,12.539352532432455,53.864237546688734,64.48590169648482,0,none,,
2025-01-01 02:31:00,255.10978067794602,122.1945613782358,12.637053603484846,52.78366176014146,62.71208184815938,0,none,,
2025-01-01 02:32:00,254.63422249619046,122.95485106825737,12.36370116498162,54.929148279562085,63.088539046764595,0,none,,
2025-01-01 02:33:00,255.62051736860036,122.63998855679318,12.598455205735746,53.98397509192608,62.14605989672276,0,none,,
2025-01-01 02:34:00,256.0020617791711,123.32306919039087,12.705288713516536,52.43961090858467,62.894693529578134,0,none,,
2025-01-01 02:35:00,257.49488476396823,123.3863317318479,12.611146426992006,53.376349647735026,62.56833217563406,0,none,,
2025-01-01 02:36:00,256.2201419634773,123.32581076541936,12.55547067547726,53.01246376378755,62.191753805242016,0,none,,
2025-01-01 02:37:00,256.9374235801936,123.29492379596334,12.51661004209293,52.18177485959612,62.2171708358904,0,none,,
2025-01-01 02:38:00,255.78703284283523,124.11685647365353,12.402062594681453,53.19600129827555,62.523977999574086,0,none,,
2025-01-01 02:39:00,255.2736789987499,122.54804124352452,12.51269781537771,52.73170207738981,61.55827587944589,0,none,,
2025-01-01 02:40:00,255.48463224833336,123.1740081044946,12.708571120202725,52.44392746361365,61.54964060146029,0,none,,
2025-01-01 02:41:00,255.71156302622921,123.90492384141916,12.497789570910854,52.08138001470046,63.818647272491226,0,none,,
2025-01-01 02:42:00,258.02946407592924,124.00234400642829,12.378113500210194,52.3772434795462,64.9514510029088,0,none,,
2025-01-01 02:43:00,255.70444917139682,122.40884119155005,12.433599629707576,52.066847103017786,60.18235027425776,0,none,,
2025-01-01 02:44:00,257.0671455369321,123.09273430748274,12.533329885358643,51.785642331985095,60.04484241580087,0,none,,
2025-01-01 02:45:00,255.70873314813082,124.11323719527053,12.4428546678044,51.02859945730716,60.33607106050707,0,none,,
2025-01-01 02:46:00,257.21097869959385,123.62139758365879,12.56727120563268,53.00399284120081,61.28899213956387,0,none,,
2025-01-01 02:47:00,256.8082507688897,123.45186198388996,12.568411497209363,50.40938706528015,62.41600368998803,0,none,,
2025-01-01 02:48:00,256.4094733200267,123.22221569983635,12.618757673685666,51.615909774953714,61.97855238321701,0,none,,
2025-01-01 02:49:00,256.53659082369967,123.14063646316202,12.694286208454391,50.82024073614511,61.40332882740381,0,none,,
2025-01-01 02:50:00,256.07971108935044,123.56190695689334,12.625390812830595,52.57065557454812,61.75932547748822,0,none,,
2025-01-01 02:51:00,256.9946622343833,123.25557738884166,12.331054298906253,50.053756755844276,60.22168746568372,0,none,,
2025-01-01 02:52:00,256.30800337610236,123.39944872752957,12.330757409887742,50.08624109609116,60.68671617544943,0,none,,
2025-01-01 02:53:00,255.72561333094436,123.49011669948493,12.449939377775102,49.757523974151354,60.882915260273684,0,none,,
2025-01-01 02:54:00,255.71777739470681,123.05404352213829,12.388567275774106,50.80519201095735,58.933234862530234,0,none,,
2025-01-01 02:55:00,256.91214866887134,123.79806026378454,12.280354875443244,49.1634075621835,59.36789648457096,0,none,,
2025-01-01 02:56:00,258.0712232278823,125.24519271519675,12.379633126160488,49.85495866372491,59.34268021413927,0,none,,
2025-01-01 02:57:00,256.9697360499088,128.01458523491956,10.978761416056635,48.236422263108224,61.53250460522019,1,actuator_sticking,2025-01-01 02:57:00,2025-01-01 04:43:00
2025-01-01 02:58:00,256.78054492491117,129.29298174417463,10.943792312081271,50.279318100029386,61.53250460522019,1,actuator_sticking,2025-01-01 02:57:00,2025-01-01 04:43:00
2025-01-01 02:59:00,257.13774925841784,128.6602238268796,10.991757593569623,49.50363676271363,61.53250460522019,1,actuator_sticking,2025-01-01 02:57:00,2025-01-01 04:43:00
2025-01-01 03:00:00,257.98744208048475,129.48050956838892,11.21037654669776,48.5070074325598,61.53250460522019,1,actuator_sticking,2025-01-01 02:57:00,2025-01-01 04:43:00
2025-01-01 03:01:00,257.1516182548308,129.17969899196595,11.057904832530475,50.71730521086501,61.53250460522019,1,actuator_sticking,2025-01-01 02:57:00,2025-01-01 04:43:00
2025-01-01 03:02:00,256.68076091025813,129.62654005622193,11.39312895726265,48.458956954478566,61.53250460522019,1,actuator_sticking,2025-01-01 02:57:00,2025-01-01 04:43:00
2025-01-01 03:03:00,257.9278426285958,129.89235987337793,11.042201525660793,50.250340868758826,61.53250460522019,1,actuator_sticking,2025-01-01 02:57:00,2025-01-01 04:43:00
2025-01-01 03:04:00,257.4190439528012,129.32010324041855,10.967313348162808,48.80105446412652,61.53250460522019,1,actuator_sticking,2025-01-01 02:57:00,2025-01-01 04:43:00
2025-01-01 03:05:00,258.3377885659553,129.9014423471089,11.005572271896352,50.77400117322079,61.53250460522019,1,actuator_sticking,2025-01-01 02:57:00,2025-01-01 04:43:00
2025-01-01 03:06:00,257.28883377585123,127.83315826016853,11.03748747620272,49.90950449446943,61.53250460522019,1,actuator_sticking,2025-01-01 02:57:00,2025-01-01 04:43:00
2025-01-01 03:07:00,256.195650593918,130.21149987236663,11.058296345202091,48.23174410453369,61.53250460522019,1,actuator_sticking,2025-01-01 02:57:00,2025-01-01 04:43:00
2025-01-01 03:08:00,256.1135948503185,129.49972261409434,11.298443783946837,48.2194763914948,61.53250460522019,1,actuator_sticking,2025-01-01 02:57:00,2025-01-01 04:43:00
2025-01-01 03:09:00,258.5616774023991,129.93881335594733,10.854003150277343,49.49750086951883,61.53250460522019,1,actuator_sticking,2025-01-01 02:57:00,2025-01-01 04:43:00
2025-01-01 03:10:00,258.6525965974874,128.57756896403143,11.103458616569974,48.625907482008756,61.53250460522019,1,actuator_sticking,2025-01-01 02:57:00,2025-01-01 04:43:00
2025-01-01 03:11:00,257.1626933942949,128.82838445866489,10.999502200422594,48.621028837859534,61.53250460522019,1,actuator_sticking,2025-01-01 02:57:00,2025-01-01 04:43:00
2025-01-01 03:12:00,257.0323190959556,129.43172610909136,10.726351340427971,49.83173803568369,61.53250460522019,1,actuator_sticking,2025-01-01 02:57:00,2025-01-01 04:43:00
2025-01-01 03:13:00,258.540499684164,129.3512217729628,11.071236781774633,47.92811212527986,61.53250460522019,1,actuator_sticking,2025-01-01 02:57:00,2025-01-01 04:43:00
2025-01-01 03:14:00,256.51809777909926,129.54853152368952,11.139332126713565,48.60125447095312,61.53250460522019,1,actuator_sticking,2025-01-01 02:57:00,2025-01-01 04:43:00
2025-01-01 03:15:00,256.7202572297092,130.04660968416644,10.814110529683227,49.29738720290952,61.53250460522019,1,actuator_sticking,2025-01-01 02:57:00,2025-01-01 04:43:00
2025-01-01 03:16:00,257.9829189170879,128.35394283028623,10.934788191263301,49.08755882188344,61.53250460522019,1,actuator_sticking,2025-01-01 02:57:00,2025-01-01 04:43:00
2025-01-01 03:17:00,257.18470580801664,130.0145049729015,10.67071042068629,48.13885538066225,61.53250460522019,1,actuator_sticking,2025-01-01 02:57:00,2025-01-01 04:43:00
2025-01-01 03:18:00,257.52833830022416,129.45228512888585,10.734023020314996,47.947691401266106,61.53250460522019,1,actuator_sticking,2025-01-01 02:57:00,2025-01-01 04:43:00
2025-01-01 03:19:00,257.4336404998756,129.3421131266926,11.073325138726897,46.57004168870674,61.53250460522019,1,actuator_sticking,2025-01-01 02:57:00,2025-01-01 04:43:00
2025-01-01 03:20:00,257.866326297753,128.5987430360775,10.839382374536967,47.113715175452676,61.53250460522019,1,actuator_sticking,2025-01-01 02:57:00,2025-01-01 04:43:00
2025-01-01 03:21:00,258.7540364814917,129.80023485012077,10.736197149095549,48.28233170718695,61.53250460522019,1,actuator_sticking,2025-01-01 02:57:00,2025-01-01 04:43:00
2025-01-01 03:22:00,257.7322154258477,128.0668978167617,10.930059161262612,47.8053207122515,61.53250460522019,1,actuator_sticking,2025-01-01 02:57:00,2025-01-01 04:43:00
2025-01-01 03:23:00,258.20650689911463,129.9213190858597,10.810351697918495,47.93260910082102,61.53250460522019,1,actuator_sticking,2025-01-01 02:57:00,2025-01-01 04:43:00
2025-01-01 03:24:00,256.082738087917,128.65390247126965,10.81111590161548,48.73843636348778,61.53250460522019,1,actuator_sticking,2025-01-01 02:57:00,2025-01-01 04:43:00
2025-01-01 03:25:00,257.7153321770132,129.5980870242137,10.985616968420718,46.674642944352875,61.53250460522019,1,actuator_sticking,2025-01-01 02:57:00,2025-01-01 04:43:00
2025-01-01 03:26:00,257.1110647248802,129.5113201586453,10.693391504682907,47.47300757949123,61.53250460522019,1,actuator_sticking,2025-01-01 02:57:00,2025-01-01 04:43:00
2025-01-01 03:27:00,256.8418511369456,130.3013162844892,10.72473591105826,47.79997387384212,61.53250460522019,1,actuator_sticking,2025-01-01 02:57:00,2025-01-01 04:43:00
2025-01-01 03:28:00,257.1455426280973,129.5091348515195,10.876498835105888,46.9431991508014,61.53250460522019,1,actuator_sticking,2025-01-01 02:57:00,2025-01-01 04:43:00
2025-01-01 03:29:00,257.6118386899024,129.2165418665832,10.99160263288087,48.81434272004173,61.53250460522019,1,actuator_sticking,2025-01-01 02:57:00,2025-01-01 04:43:00
2025-01-01 03:30:00,258.6428420756322,129.34572280205637,11.02467895508061,48.295088310593094,61.53250460522019,1,actuator_sticking,2025-01-01 02:57:00,2025-01-01 04:43:00
2025-01-01 03:31:00,256.8798978410161,130.43003573650037,10.731920054889738,47.69211852411518,61.53250460522019,1,actuator_sticking,2025-01-01 02:57:00,2025-01-01 04:43:00
2025-01-01 03:32:00,257.99631825435927,130.00466802553777,10.964972165203207,49.00175106289548,61.53250460522019,1,actuator_sticking,2025-01-01 02:57:00,2025-01-01 04:43:00
2025-01-01 03:33:00,257.6151873294795,129.46805761172476,10.699393740664014,45.99619965269064,61.53250460522019,1,actuator_sticking,2025-01-01 02:57:00,2025-01-01 04:43:00
2025-01-01 03:34:00,257.77100268821374,129.57407536847535,11.083560368014364,47.29884641877218,61.53250460522019,1,actuator_sticking,2025-01-01 02:57:00,2025-01-01 04:43:00
2025-01-01 03:35:00,258.8658738858486,128.79210632522845,10.63214287580702,47.598441739068996,61.53250460522019,1,actuator_sticking,2025-01-01 02:57:00,2025-01-01 04:43:00
2025-01-01 03:36:00,258.5245943158528,129.9819280753593,10.994026868681807,46.41093233733222,61.53250460522019,1,actuator_sticking,2025-01-01 02:57:00,2025-01-01 04:43:00
2025-01-01 03:37:00,259.19436237774426,128.70934659920627,10.688796879400613,47.47233396862125,61.53250460522019,1,actuator_sticking,2025-01-01 02:57:00,2025-01-01 04:43:00
2025-01-01 03:38:00,258.031088566738,130.2326677443031,11.081741025479623,46.17580107861632,61.53250460522019,1,actuator_sticking,2025-01-01 02:57:00,2025-01-01 04:43:00
2025-01-01 03:39:00,257.62809524163356,129.87507791230996,10.860907229684997,47.76564591981315,61.53250460522019,1,actuator_sticking,2025-01-01 02:57:00,2025-01-01 04:43:00
2025-01-01 03:40:00,258.03582521222955,131.24635225937783,10.612233798088358,48.07100760476071,61.53250460522019,1,actuator_sticking,2025-01-01 02:57:00,2025-01-01 04:43:00
2025-01-01 03:41:00,258.43887906067,129.17033708153184,10.678701054324101,47.34126899679085,61.53250460522019,1,actuator_sticking,2025-01-01 02:57:00,2025-01-01 04:43:00
2025-01-01 03:42:00,258.41601581849505,129.78501928584168,10.866589249535185,45.40827110805587,61.53250460522019,1,actuator_sticking,2025-01-01 02:57:00,2025-01-01 04:43:00
2025-01-01 03:43:00,257.43702803697647,130.9417480622828,10.899659974093314,46.187708969794876,61.53250460522019,1,actuator_sticking,2025-01-01 02:57:00,2025-01-01 04:43:00
2025-01-01 03:44:00,258.4066172606326,130.59372878447346,10.723484526170065,47.55051540297564,61.53250460522019,1,actuator_sticking,2025-01-01 02:57:00,2025-01-01 04:43:00
2025-01-01 03:45:00,258.5464003379264,129.47724786871942,10.733097785792278,47.04823244018114,61.53250460522019,1,actuator_sticking,2025-01-01 02:57:00,2025-01-01 04:43:00
2025-01-01 03:46:00,260.40729416243016,130.045396081103,10.832439120629978,44.59385656304316,61.53250460522019,1,actuator_sticking,2025-01-01 02:57:00,2025-01-01 04:43:00
2025-01-01 03:47:00,259.92419262411187,129.92821607237946,10.730724316799115,48.12874277712642,61.53250460522019,1,actuator_sticking,2025-01-01 02:57:00,2025-01-01 04:43:00
2025-01-01 03:48:00,257.7694287272255,130.11215100921106,10.509179800561462,47.12735657182255,61.53250460522019,1,actuator_sticking,2025-01-01 02:57:00,2025-01-01 04:43:00
2025-01-01 03:49:00,258.251327388547,129.5396903397311,10.57349431993676,46.26380435080146,61.53250460522019,1,actuator_sticking,2025-01-01 02:57:00,2025-01-01 04:43:00
2025-01-01 03:50:00,257.33959507340774,129.92118744182278,10.722928557242863,47.895473999973575,61.53250460522019,1,actuator_sticking,2025-01-01 02:57:00,2025-01-01 04:43:00
2025-01-01 03:51:00,258.066801319053,129.03178919800493,10.862189651387435,46.39170723755418,61.53250460522019,1,actuator_sticking,2025-01-01 02:57:00,2025-01-01 04:43:00
2025-01-01 03:52:00,258.82077257981086,130.08749538042292,10.914459292022979,46.38580205297298,61.53250460522019,1,actuator_sticking,2025-01-01 02:57:00,2025-01-01 04:43:00
2025-01-01 03:53:00,259.56179624668397,130.292194035453,10.781175234751839,47.33427728425228,61.53250460522019,1,actuator_sticking,2025-01-01 02:57:00,2025-01-01 04:43:00
2025-01-01 03:54:00,258.04257391592967,129.90144983220992,10.699513922030242,48.623478746499366,61.53250460522019,1,actuator_sticking,2025-01-01 02:57:00,2025-01-01 04:43:00
2025-01-01 03:55:00,258.1311540719834,129.0845502112425,10.760908810873538,48.49298744775432,61.53250460522019,1,actuator_sticking,2025-01-01 02:57:00,2025-01-01 04:43:00
2025-01-01 03:56:00,256.9651725804217,130.66233843837716,10.54073379665282,47.3691413943923,61.53250460522019,1,actuator_sticking,2025-01-01 02:57:00,2025-01-01 04:43:00
2025-01-01 03:57:00,258.5813057325728,130.30353212046032,10.60991609585479,47.47761324404328,61.53250460522019,1,actuator_sticking,2025-01-01 02:57:00,2025-01-01 04:43:00
2025-01-01 03:58:00,257.8898434331615,129.66476491139423,10.501431411221883,47.79229844996641,61.53250460522019,1,actuator_sticking,2025-01-01 02:57:00,2025-01-01 04:43:00
2025-01-01 03:59:00,258.3444614893335,129.94752956381916,10.42988721617473,45.96955988740237,61.53250460522019,1,actuator_sticking,2025-01-01 02:57:00,2025-01-01 04:43:00
2025-01-01 04:00:00,258.0946638001726,129.230962936703,10.65937720218351,47.70388064189064,61.53250460522019,1,actuator_sticking,2025-01-01 02:57:00,2025-01-01 04:43:00
2025-01-01 04:01:00,258.7487828435328,129.53155202846713,10.629318089082986,46.48918202142048,61.53250460522019,1,actuator_sticking,2025-01-01 02:57:00,2025-01-01 04:43:00
2025-01-01 04:02:00,257.44595146255415,129.83950350094648,10.696786554129709,47.46457063946423,61.53250460522019,1,actuator_sticking,2025-01-01 02:57:00,2025-01-01 04:43:00
2025-01-01 04:03:00,257.706339846124,130.9145935739611,10.667705735616508,47.00369442623279,61.53250460522019,1,actuator_sticking,2025-01-01 02:57:00,2025-01-01 04:43:00
2025-01-01 04:04:00,260.61111593245903,129.80914830222702,10.614339917390893,47.692351089395395,61.53250460522019,1,actuator_sticking,2025-01-01 02:57:00,2025-01-01 04:43:00
2025-01-01 04:05:00,257.9054224692258,130.59224615377704,10.653595472751629,47.38276840368116,61.53250460522019,1,actuator_sticking,2025-01-01 02:57:00,2025-01-01 04:43:00
2025-01-01 04:06:00,258.0854742132081,129.90035412884896,10.555866928567252,44.54831239206651,61.53250460522019,1,actuator_sticking,2025-01-01 02:57:00,2025-01-01 04:43:00
2025-01-01 04:07:00,260.4598752518894,130.3872964509356,10.616377588523399,47.51494774495318,61.53250460522019,1,actuator_sticking,2025-01-01 02:57:00,2025-01-01 04:43:00
2025-01-01 04:08:00,261.3417392925459,130.16883274977204,10.437706112074533,47.97411749246042,61.53250460522019,1,actuator_sticking,2025-01-01 02:57:00,2025-01-01 04:43:00
2025-01-01 04:09:00,258.107672521718,130.79260412262425,10.594278300809247,47.842066177150265,61.53250460522019,1,actuator_sticking,2025-01-01 02:57:00,2025-01-01 04:43:00
2025-01-01 04:10:00,258.77746583363887,129.96294134892543,10.631291787898952,47.39525676698065,61.53250460522019,1,actuator_sticking,2025-01-01 02:57:00,2025-01-01 04:43:00
2025-01-01 04:11:00,259.37234728966683,129.35532697262389,10.42279706303254,49.014671450880336,61.53250460522019,1,actuator_sticking,2025-01-01 02:57:00,2025-01-01 04:43:00
2025-01-01 04:12:00,260.5089972606547,129.48464796056373,10.52325898626287,47.86837693950772,61.53250460522019,1,actuator_sticking,2025-01-01 02:57:00,2025-01-01 04:43:00
2025-01-01 04:13:00,258.3633879977242,130.00962193107318,10.414194771684262,48.0357200126414,61.53250460522019,1,actuator_sticking,2025-01-01 02:57:00,2025-01-01 04:43:00
2025-01-01 04:14:00,258.98338389285846,129.59420099050925,10.421027530665373,48.637771041005514,61.53250460522019,1,actuator_sticking,2025-01-01 02:57:00,2025-01-01 04:43:00
2025-01-01 04:15:00,259.82810651004553,130.60461013215047,10.323551253963078,48.082200672666765,61.53250460522019,1,actuator_sticking,2025-01-01 02:57:00,2025-01-01 04:43:00
2025-01-01 04:16:00,259.5805771373683,130.0938252857441,10.674464074722408,47.00799626454241,61.53250460522019,1,actuator_sticking,2025-01-01 02:57:00,2025-01-01 04:43:00
2025-01-01 04:17:00,258.95826457895146,131.81281059723332,10.636779165633186,45.684242091230715,61.53250460522019,1,actuator_sticking,2025-01-01 02:57:00,2025-01-01 04:43:00
2025-01-01 04:18:00,259.17845333448633,129.3601355227034,10.549892710258636,47.51403967585882,61.53250460522019,1,actuator_sticking,2025-01-01 02:57:00,2025-01-01 04:43:00
2025-01-01 04:19:00,258.21181422603024,130.53961883977283,10.757482267412257,48.69515167895982,61.53250460522019,1,actuator_sticking,2025-01-01 02:57:00,2025-01-01 04:43:00
2025-01-01 04:20:00,259.14730772704013,129.75529872239923,10.425666568891309,47.761495355498305,61.53250460522019,1,actuator_sticking,2025-01-01 02:57:00,2025-01-01 04:43:00
2025-01-01 04:21:00,259.1507490509433,130.1506181992441,10.901244942785631,48.87143205466431,61.53250460522019,1,actuator_sticking,2025-01-01 02:57:00,2025-01-01 04:43:00
2025-01-01 04:22:00,259.57550353696024,130.5460559301067,10.404806231311245,48.357402806964416,61.53250460522019,1,actuator_sticking,2025-01-01 02:57:00,2025-01-01 04:43:00
2025-01-01 04:23:00,258.97131048640733,129.08048335292915,10.469698908216142,49.45804701398965,61.53250460522019,1,actuator_sticking,2025-01-01 02:57:00,2025-01-01 04:43:00
2025-01-01 04:24:00,259.81850356389174,130.63226038309034,10.364267966722082,48.110373870690744,61.53250460522019,1,actuator_sticking,2025-01-01 02:57:00,2025-01-01 04:43:00
2025-01-01 04:25:00,260.2770415289725,131.64632424407412,10.472330005265228,48.87622132093428,61.53250460522019,1,actuator_sticking,2025-01-01 02:57:00,2025-01-01 04:43:00
2025-01-01 04:26:00,259.6167039084455,130.24688827585265,10.534402974080756,48.99195716334267,61.53250460522019,1,actuator_sticking,2025-01-01 02:57:00,2025-01-01 04:43:00
2025-01-01 04:27:00,259.7991523876127,130.68916380836654,10.384587157233621,49.97136371465782,61.53250460522019,1,actuator_sticking,2025-01-01 02:57:00,2025-01-01 04:43:00
2025-01-01 04:28:00,259.58555339877694,131.16251621841735,10.660832057778542,47.16915331117288,61.53250460522019,1,actuator_sticking,2025-01-01 02:57:00,2025-01-01 04:43:00
2025-01-01 04:29:00,259.5682733444959,130.46343139807095,10.422882780627198,48.379681776689935,61.53250460522019,1,actuator_sticking,2025-01-01 02:57:00,2025-01-01 04:43:00
2025-01-01 04:30:00,259.01603076823346,130.22742378707034,10.420307598935555,49.64492699657375,61.53250460522019,1,actuator_sticking,2025-01-01 02:57:00,2025-01-01 04:43:00
2025-01-01 04:31:00,259.8714384334441,129.22471048672188,10.236148882430463,50.3634464381767,61.53250460522019,1,actuator_sticking,2025-01-01 02:57:00,2025-01-01 04:43:00
2025-01-01 04:32:00,259.5652738486699,130.98885513696496,10.428077725775157,49.28091721707472,61.53250460522019,1,actuator_sticking,2025-01-01 02:57:00,2025-01-01 04:43:00
2025-01-01 04:33:00,261.342391964376,130.5504239052535,10.338044924794218,48.89594026035364,61.53250460522019,1,actuator_sticking,2025-01-01 02:57:00,2025-01-01 04:43:00
2025-01-01 04:34:00,260.95118932987236,130.02473467803316,10.25980223295251,49.9370808040326,61.53250460522019,1,actuator_sticking,2025-01-01 02:57:00,2025-01-01 04:43:00
2025-01-01 04:35:00,260.02572445774194,130.7222787682846,10.227500475084426,50.13555672108994,61.53250460522019,1,actuator_sticking,2025-01-01 02:57:00,2025-01-01 04:43:00
2025-01-01 04:36:00,259.13103679122736,130.3100439210703,10.737715057557853,49.129798754007524,61.53250460522019,1,actuator_sticking,2025-01-01 02:57:00,2025-01-01 04:43:00
2025-01-01 04:37:00,258.8758820805293,130.35708341445672,10.29045455071616,49.852230316571706,61.53250460522019,1,actuator_sticking,2025-01-01 02:57:00,2025-01-01 04:43:00
2025-01-01 04:38:00,260.7429474979615,131.0517562356972,10.104501781165126,50.72054635642599,61.53250460522019,1,actuator_sticking,2025-01-01 02:57:00,2025-01-01 04:43:00
2025-01-01 04:39:00,260.0243473956526,129.8987499619229,10.21143888658002,51.464230201917495,61.53250460522019,1,actuator_sticking,2025-01-01 02:57:00,2025-01-01 04:43:00
2025-01-01 04:40:00,260.22227044742874,131.34392179252004,10.301609674516648,50.53750215564016,61.53250460522019,1,actuator_sticking,2025-01-01 02:57:00,2025-01-01 04:43:00
2025-01-01 04:41:00,258.46638730195883,129.8906294091809,10.384569053684324,50.016786187955844,61.53250460522019,1,actuator_sticking,2025-01-01 02:57:00,2025-01-01 04:43:00
2025-01-01 04:42:00,260.62779973179966,130.3452839516283,10.379065189867308,50.03782704697369,61.53250460522019,1,actuator_sticking,2025-01-01 02:57:00,2025-01-01 04:43:00
2025-01-01 04:43:00,260.2730703929282,131.9102913363329,10.390668323655191,50.699081832644,61.53250460522019,1,actuator_sticking,2025-01-01 02:57:00,2025-01-01 04:43:00
2025-01-01 04:44:00,259.04476690606435,125.88020929598375,11.576487532995383,50.20571250958971,54.921980385982934,0,none,,
2025-01-01 04:45:00,259.5793609310106,125.27588771923502,11.71772392671347,50.5943163284442,53.88115230824918,0,none,,
2025-01-01 04:46:00,260.19091569472243,124.66649100871477,11.528747338228515,49.58676705637404,54.96845393574363,0,none,,
2025-01-01 04:47:00,260.0451681958962,124.92668443148476,11.560766438525558,51.82278189419321,53.2399720499334,0,none,,
2025-01-01 04:48:00,259.7926021491281,125.3016064794893,11.509672502449478,49.74716228379835,54.84182878486288,0,none,,
2025-01-01 04:49:00,259.9665841834069,125.29350343851196,11.462746911467864,50.503613559777385,53.62054385484562,0,none,,
2025-01-01 04:50:00,259.8707198019238,125.22976981909498,11.79437456592347,51.100784864886464,52.89759907987714,0,none,,
2025-01-01 04:51:00,260.2171696764251,125.27905035269245,11.731835385560933,52.92649040172442,53.26218932049219,0,none,,
2025-01-01 04:52:00,261.29502211417275,125.18213682408452,11.768907570866816,50.87701624077422,52.27439192540312,0,none,,
2025-01-01 04:53:00,258.0871014120839,124.45874116062804,11.622233558715294,50.781985434688295,56.0662479544504,0,none,,
2025-01-01 04:54:00,259.9734381976014,125.02714289187398,11.726852325831663,51.010735442479096,53.53221080719724,0,none,,
2025-01-01 04:55:00,260.32650906341354,125.89889906835693,11.340199100243577,53.12561328263363,54.390834971949005,0,none,,
2025-01-01 04:56:00,260.44436536737965,124.54215366131513,11.727984763891488,49.22865444221629,52.94342411018263,0,none,,
2025-01-01 04:57:00,259.93219975366486,125.26240478421056,11.619287527180989,50.98545043646718,52.29630587191526,0,none,,
2025-01-01 04:58:00,258.8464052932689,124.89722377575906,11.681053694606124,54.475170368019555,53.24962120383908,0,none,,
2025-01-01 04:59:00,260.53612032994414,125.46877856721089,11.638329218952284,52.67880892578298,54.824076893589705,0,none,,
2025-01-01 05:00:00,261.67743512906577,125.18163465708257,11.42767765810754,51.282502181950086,52.85084824855147,0,none,,
2025-01-01 05:01:00,259.09018650955073,126.31405104626965,11.34551286763655,52.371865210604014,52.40488403577119,0,none,,
2025-01-01 05:02:00,261.02994825322713,125.74431899345942,11.457967252465183,52.60279232578337,53.610593834792205,0,none,,
2025-01-01 05:03:00,260.0975652797422,124.66599537480056,11.644144086529526,53.43683646466101,53.99809932938893,0,none,,
2025-01-01 05:04:00,260.33271488099285,125.86847612265822,11.657626816989872,54.46482419181737,55.346649322315635,0,none,,
2025-01-01 05:05:00,259.5607336103164,125.0135640607759,11.343704773905335,53.293584865211734,53.77641788542121,0,none,,
2025-01-01 05:06:00,260.1566545845014,125.14472697816767,11.396591515519749,52.59332115365811,54.10212335447799,0,none,,
2025-01-01 05:07:00,261.48531122652184,125.6917395582154,11.430209547864798,53.92333401398658,54.1706087673136,0,none,,
2025-01-01 05:08:00,260.9323445823016,125.220876710125,11.480116664085797,52.722901719730444,51.90274027786097,0,none,,
2025-01-01 05:09:00,261.872903207379,126.06406929106507,11.324502216843655,52.55819873243859,52.10997673120802,0,none,,
2025-01-01 05:10:00,261.4497055539017,125.0760339808918,11.31068023090424,52.04161833415967,51.9456546095392,0,none,,
2025-01-01 05:11:00,260.8796559819197,125.18170983460188,11.39597241792423,52.35467327891385,51.62885080753572,0,none,,
2025-01-01 05:12:00,261.944033225337,125.17154646570565,11.527527878808781,53.094617422697574,54.1638158106003,0,none,,
2025-01-01 05:13:00,260.92046736189815,125.23823043219843,11.332925915939969,52.97987114022399,53.53990699787377,0,none,,
2025-01-01 05:14:00,261.2519387691626,126.24932669488076,11.488153760331025,54.460551135002014,53.270571681418126,0,none,,
2025-01-01 05:15:00,260.37245491959163,125.97924097717426,11.659901155039746,53.23818314107575,50.04799452387266,0,none,,
2025-01-01 05:16:00,260.68299975337334,126.6400343310264,11.30153069862072,51.627559488456534,55.610654674194286,0,none,,
2025-01-01 05:17:00,260.09176332771284,126.98671251665334,11.461596443216035,53.65671838507102,52.05653596898344,0,none,,
2025-01-01 05:18:00,261.4611965930596,125.01970704975048,11.64212941145016,54.31106811069232,55.57817102115257,0,none,,
2025-01-01 05:19:00,259.7466012873859,125.6923532205121,11.421615894544557,54.33042056160647,51.363994185948,0,none,,
2025-01-01 05:20:00,261.33472679200736,124.95629919254446,11.394334304100573,56.382518596301246,37.54243803296941,1,spike,2025-01-01 05:20:00,2025-01-01 05:31:00
2025-01-01 05:21:00,260.57581550834436,125.20732659099622,11.651026767902293,54.60237481298084,35.862502395038305,1,spike,2025-01-01 05:20:00,2025-01-01 05:31:00
2025-01-01 05:22:00,261.6847112839973,125.30766449768967,11.42677942055709,56.08696388321592,38.929832763431726,1,spike,2025-01-01 05:20:00,2025-01-01 05:31:00
2025-01-01 05:23:00,261.3676733903464,125.06319799191762,11.63468167130301,55.41652848092949,37.163895819686736,1,spike,2025-01-01 05:20:00,2025-01-01 05:31:00
2025-01-01 05:24:00,262.2426469696883,125.0780884877488,11.52974089415606,55.53488653917688,37.188686189531396,1,spike,2025-01-01 05:20:00,2025-01-01 05:31:00
2025-01-01 05:25:00,261.38978881571745,125.63433314905726,11.41044965714391,54.960291974551204,36.820913840909746,1,spike,2025-01-01 05:20:00,2025-01-01 05:31:00
2025-01-01 05:26:00,259.56646297564896,125.00250860737296,11.530402408979715,55.798186367337536,39.39316457742621,1,spike,2025-01-01 05:20:00,2025-01-01 05:31:00
2025-01-01 05:27:00,260.78934578259947,126.24940464253174,11.503181522781857,55.30120150831005,39.30726639078788,1,spike,2025-01-01 05:20:00,2025-01-01 05:31:00
2025-01-01 05:28:00,259.9240026583736,125.2050180494034,11.60500514856481,56.28120567508438,40.621886839932955,1,spike,2025-01-01 05:20:00,2025-01-01 05:31:00
2025-01-01 05:29:00,260.4655715104283,127.45290612552505,11.366473443230909,56.05361123691941,37.61929970701617,1,spike,2025-01-01 05:20:00,2025-01-01 05:31:00
2025-01-01 05:30:00,262.1076519148642,125.50778148285589,11.451853190510471,55.55373717271039,38.70019828020119,1,spike,2025-01-01 05:20:00,2025-01-01 05:31:00
2025-01-01 05:31:00,261.42705674679644,125.83322295934953,11.433486916336149,57.43384598237115,36.88664657873254,1,spike,2025-01-01 05:20:00,2025-01-01 05:31:00
2025-01-01 05:32:00,260.3761325669849,125.02416066842369,11.545473965347647,57.06206682621637,52.60241169280003,0,none,,
2025-01-01 05:33:00,260.14243684857723,126.8363261972639,11.283308319279884,56.410912143265186,52.379611875807655,0,none,,
2025-01-01 05:34:00,260.99765680836055,126.49563004767323,11.586961662580372,57.08081794279009,53.558101317151454,0,none,,
2025-01-01 05:35:00,260.016089909829,126.01329036799747,11.501791238128499,57.00954557700131,54.2204901976609,0,none,,
2025-01-01 05:36:00,260.4702191502924,125.03822320915295,11.231827329177966,56.43863054182441,54.18941434262021,0,none,,
2025-01-01 05:37:00,261.27441868674646,125.98382142226207,11.608227457147764,57.41670946074567,51.98959748477845,0,none,,
2025-01-01 05:38:00,261.96662681908845,125.19563186830759,11.759822121198745,56.927435917903175,54.20073911707325,0,none,,
2025-01-01 05:39:00,261.5468387432275,126.75692547702066,11.572801953560223,56.76823232254607,52.95204823329883,0,none,,
2025-01-01 05:40:00,259.244136581672,126.37600358434128,11.634492219310529,56.28971078164384,52.61857397507024,0,none,,
2025-01-01 05:41:00,261.3378863982108,125.95867717933703,11.431267161416336,57.558145626996684,52.16178305997816,0,none,,
2025-01-01 05:42:00,261.1691308609848,124.45046793638443,11.167352309800618,58.520979157418836,52.34474679823488,0,none,,
2025-01-01 05:43:00,261.45961333889505,125.33307587555329,11.138176540019764,57.514408374284464,55.11288507506883,0,none,,
2025-01-01 05:44:00,262.43835204687997,126.34656680460948,11.45137374613988,60.536179490679594,53.39720529203188,0,none,,
2025-01-01 05:45:00,259.5115629179879,126.6723775231304,11.322732010598566,59.191603306591496,53.24481502595836,0,none,,
2025-01-01 05:46:00,260.7059260503783,126.62083888294994,11.272860613712524,59.69429389487986,52.728316775374985,0,none,,
2025-01-01 05:47:00,261.66807508157876,125.0107713750485,11.399254361969852,59.360953696572544,55.98668244802942,0,none,,
2025-01-01 05:48:00,259.9465016889643,126.15750522097419,11.499724788822112,60.43654129948277,54.626777790041615,0,none,,
2025-01-01 05:49:00,262.40884955735254,126.59643009610213,11.188295535893875,58.18324081065832,52.20550872008298,0,none,,
2025-01-01 05:50:00,261.5389746196517,125.0026192146053,11.337801440133656,56.70827332086349,52.75322311331257,0,none,,
2025-01-01 05:51:00,261.93764140611904,126.00332988137787,11.630639528295092,58.73159591313667,52.836004332810056,0,none,,
2025-01-01 05:52:00,260.8195900328971,126.1827825065328,11.24199360574583,59.75441868631732,53.280438184352896,0,none,,
2025-01-01 05:53:00,261.9432124969933,125.84837522618373,11.532981221529948,59.506005043486184,52.27697071629785,0,none,,
2025-01-01 05:54:00,262.1627211946446,124.92784619919817,11.329139985527775,59.73385188476921,53.65882647292437,0,none,,
2025-01-01 05:55:00,261.50987457858923,125.85398620165553,11.483153710034331,60.78966584660762,54.88931026732019,0,none,,
2025-01-01 05:56:00,261.5266068850973,125.86323597973796,11.565421405227687,60.058217508009356,51.5857601721648,0,none,,
2025-01-01 05:57:00,261.5707605568694,125.98094237620639,11.51165484330332,60.54547013115483,51.82439706382261,0,none,,
2025-01-01 05:58:00,260.6790953265935,125.74182195240539,11.536579545346747,59.09145465101842,52.615190217528905,0,none,,
2025-01-01 05:59:00,261.26691994013214,125.82416890985697,11.227312373444402,59.06031554411129,52.68837939438439,0,none,,
2025-01-01 06:00:00,261.2779819740381,126.07617623059181,11.567048956011195,61.606444028623564,55.62899102096443,0,none,,
2025-01-01 06:01:00,261.7216579758072,126.37544896478367,11.272147436260372,60.35055463344401,54.45192325559857,0,none,,
2025-01-01 06:02:00,262.22963093591324,125.93724874994643,11.439136869850396,59.80323657187347,54.402839462015365,0,none,,
2025-01-01 06:03:00,260.59765709986135,125.88399646191422,11.439199506305151,59.90765340807417,52.97293231358225,0,none,,
2025-01-01 06:04:00,261.3590789466827,126.19503166084365,11.473590662977694,59.983797984810025,52.967849372325794,0,none,,
2025-01-01 06:05:00,262.65873660060663,124.99685551216267,11.451828147465868,60.02934994794384,51.59136675619478,0,none,,
2025-01-01 06:06:00,260.89307336680326,126.44536438877476,11.275278102981414,59.6102579682208,54.29422038497636,0,none,,
2025-01-01 06:07:00,260.84440153118805,126.168496118818,11.200036931610846,59.51063444968123,53.96884507067884,0,none,,
2025-01-01 06:08:00,261.6781899155795,126.20229318350628,11.5341391647733,60.77964537162695,54.94694981981981,0,none,,
2025-01-01 06:09:00,262.20588236983264,126.76451317515848,11.43203411245488,60.51383853189469,53.17565411629448,0,none,,
2025-01-01 06:10:00,261.5534301739397,125.0259312359257,11.577539609319388,62.13439555725106,53.28413220960228,0,none,,
2025-01-01 06:11:00,262.6212587912593,125.022820644297,11.399499227780018,61.490331893761464,53.68465704540325,0,none,,
2025-01-01 06:12:00,262.2572123945807,126.38085614408055,11.196612341541375,61.55206285198138,54.57792965323928,0,none,,
2025-01-01 06:13:00,262.25880607685616,126.22170906331627,11.553585816715769,60.72925952188817,51.7711559266727,0,none,,
2025-01-01 06:14:00,262.04210199159047,126.33744316196982,11.354491464012462,61.37198434980281,54.44715305886496,0,none,,
2025-01-01 06:15:00,263.4742760197085,125.96737106299304,11.462829350371216,61.88667880464585,53.56846784142234,0,none,,
2025-01-01 06:16:00,261.4612549504661,126.65252233019353,11.31599252528779,62.285223083405015,52.35257720503087,0,none,,
2025-01-01 06:17:00,260.0356832769437,126.82270876854338,11.661439864229946,61.632990574702625,51.151993750216654,0,none,,
2025-01-01 06:18:00,262.9349074916125,126.56268271070373,11.285093324133914,62.763504707358294,53.52102688895242,0,none,,
2025-01-01 06:19:00,261.2982334702211,126.12491668120165,11.367846991060022,61.87221477304158,55.45401814629674,0,none,,
2025-01-01 06:20:00,261.7634725440249,125.02587311266072,11.436561809631156,62.649226737814566,55.759040417409196,0,none,,
2025-01-01 06:21:00,262.73747011333637,126.76105404375893,11.258699509064769,61.56332460900007,54.20921196773963,0,none,,
2025-01-01 06:22:00,260.420569557356,127.0415276956485,11.474286088367224,60.43925578778871,56.171190799533655,0,none,,
2025-01-01 06:23:00,260.71349333822053,126.70415634281767,11.668774604945812,62.37634835910525,53.7999562506749,0,none,,
2025-01-01 06:24:00,260.4461090225146,125.79851928200019,11.355796766118852,62.849683542014844,55.03082561339125,0,none,,
2025-01-01 06:25:00,261.10402899731355,126.73941748175645,11.491113345157695,62.7745788561179,53.38143046047075,0,none,,
2025-01-01 06:26:00,262.1031404188731,126.86024746396834,11.021999797438909,62.69439814379308,53.342101517428276,0,none,,
2025-01-01 06:27:00,262.1827610159798,127.28796089106677,11.431245818373784,62.056137723868495,53.18398417744553,0,none,,
2025-01-01 06:28:00,261.9962962533108,125.83569942456653,11.392895401212748,61.6969852790805,51.562393671419215,0,none,,
2025-01-01 06:29:00,260.6568169909644,126.23413962347281,11.319939627915288,62.97054212463235,55.61822653652497,0,none,,
2025-01-01 06:30:00,259.9505864189368,126.8269753841206,11.607889850937507,62.90644248543719,53.34309419808632,0,none,,
2025-01-01 06:31:00,261.8536782526336,126.42161078633009,11.399788721667086,62.064192288505254,53.19130945987367,0,none,,
2025-01-01 06:32:00,261.44418758553877,125.72527361062316,11.425251102350401,63.611539308773104,52.77769403366504,0,none,,
2025-01-01 06:33:00,262.2004169382913,126.65289823806519,11.39853516448659,61.86021563256739,53.989689514383905,0,none,,
2025-01-01 06:34:00,262.40565808114854,126.7597366386939,11.170926448625323,62.16902888732077,56.39300460342296,1,sensor_drift,2025-01-01 06:34:00,2025-01-01 15:07:00
2025-01-01 06:35:00,261.9657622084535,126.47368151396802,11.304042947565158,64.20404422407915,56.831869056120254,1,sensor_drift,2025-01-01 06:34:00,2025-01-01 15:07:00
2025-01-01 06:36:00,262.4742365118715,126.56097180779581,11.633489225397643,63.54769186451377,52.36943773754668,1,sensor_drift,2025-01-01 06:34:00,2025-01-01 15:07:00
2025-01-01 06:37:00,262.0603472986535,126.28226737538914,11.188408495979125,62.476100743712784,53.98090216453149,1,sensor_drift,2025-01-01 06:34:00,2025-01-01 15:07:00
2025-01-01 06:38:00,262.3117653737046,127.33268136527272,11.405620663945728,63.08691731565379,53.209385625630745,1,sensor_drift,2025-01-01 06:34:00,2025-01-01 15:07:00
2025-01-01 06:39:00,261.3345977440526,125.91347483741758,11.476367179794435,62.99516868670513,55.68160398184381,1,sensor_drift,2025-01-01 06:34:00,2025-01-01 15:07:00
2025-01-01 06:40:00,261.76515738700806,126.10962692487225,11.813715388800963,60.40999120807567,54.885098311421835,1,sensor_drift,2025-01-01 06:34:00,2025-01-01 15:07:00
2025-01-01 06:41:00,262.07666506320334,126.47669305223225,11.683398627397793,62.0880045096986,53.823488844556806,1,sensor_drift,2025-01-01 06:34:00,2025-01-01 15:07:00
2025-01-01 06:42:00,262.5859522257176,127.00550968553041,11.500556790300102,62.87844890298732,54.72123927251619,1,sensor_drift,2025-01-01 06:34:00,2025-01-01 15:07:00
2025-01-01 06:43:00,261.6247094485734,125.58770209225706,11.795921388011786,62.621226532252315,54.1086171942594,1,sensor_drift,2025-01-01 06:34:00,2025-01-01 15:07:00
2025-01-01 06:44:00,262.3666969052717,125.70788990875991,11.505365871120734,63.18011590826359,56.666566048656485,1,sensor_drift,2025-01-01 06:34:00,2025-01-01 15:07:00
2025-01-01 06:45:00,261.74704064888704,125.27932609636724,11.784093346638043,63.987380420633116,55.43435132181115,1,sensor_drift,2025-01-01 06:34:00,2025-01-01 15:07:00
2025-01-01 06:46:00,261.87551449386245,126.52942889670403,11.445267401894126,62.69215887484506,55.63088982843406,1,sensor_drift,2025-01-01 06:34:00,2025-01-01 15:07:00
2025-01-01 06:47:00,262.6428880685268,125.84663019088754,11.826543002123469,62.03791525184442,51.67646983582658,1,sensor_drift,2025-01-01 06:34:00,2025-01-01 15:07:00
2025-01-01 06:48:00,260.3944373075595,126.29463893582376,11.6211735755028,63.288000776465836,54.8468553008175,1,sensor_drift,2025-01-01 06:34:00,2025-01-01 15:07:00
2025-01-01 06:49:00,260.96120877631625,126.92990468009172,11.544440453688907,62.705067451387485,57.47764208365834,1,sensor_drift,2025-01-01 06:34:00,2025-01-01 15:07:00
2025-01-01 06:50:00,260.8220277247653,126.15581438533013,11.68284938980486,62.85952888709671,56.620481776245626,1,sensor_drift,2025-01-01 06:34:00,2025-01-01 15:07:00
2025-01-01 06:51:00,260.15016102717243,126.6871250149173,11.77380896286695,62.735910403591845,52.86450246076427,1,sensor_drift,2025-01-01 06:34:00,2025-01-01 15:07:00
2025-01-01 06:52:00,261.4836088365873,126.37632241731205,11.674862211480638,65.01224506119311,54.75732145900479,1,sensor_drift,2025-01-01 06:34:00,2025-01-01 15:07:00
2025-01-01 06:53:00,262.6348226705449,126.96671673520898,11.849114538085217,60.9716062667622,53.74456526745131,1,sensor_drift,2025-01-01 06:34:00,2025-01-01 15:07:00
2025-01-01 06:54:00,261.81631226928,126.856001641403,11.695598508016683,62.629955353999314,57.29319453404944,1,sensor_drift,2025-01-01 06:34:00,2025-01-01 15:07:00
2025-01-01 06:55:00,262.21128448443307,126.16319495682839,11.893207703024943,62.964920889337726,55.58701263700972,1,sensor_drift,2025-01-01 06:34:00,2025-01-01 15:07:00
2025-01-01 06:56:00,262.93314835502457,126.48454826364971,11.883666700937994,62.25157071156689,54.42704614249945,1,sensor_drift,2025-01-01 06:34:00,2025-01-01 15:07:00
2025-01-01 06:57:00,263.13253436405466,127.21932331289919,11.825452881547657,63.74837709783746,55.44442256259415,1,sensor_drift,2025-01-01 06:34:00,2025-01-01 15:07:00
2025-01-01 06:58:00,262.0235754944877,126.83639522309772,11.785717434449309,63.65198249975761,52.330130676997875,1,sensor_drift,2025-01-01 06:34:00,2025-01-01 15:07:00
2025-01-01 06:59:00,263.1701443451392,125.76943761263418,11.892063915717886,62.85617564812553,54.21305000445472,1,sensor_drift,2025-01-01 06:34:00,2025-01-01 15:07:00
2025-01-01 07:00:00,262.1692562844817,127.0081854024255,11.96935251364733,62.63224648173682,55.61526212671677,1,sensor_drift,2025-01-01 06:34:00,2025-01-01 15:07:00
2025-01-01 07:01:00,261.4338053639109,125.97120193611028,12.213638676405251,62.749390706441865,56.64335181666935,1,sensor_drift,2025-01-01 06:34:00,2025-01-01 15:07:00
2025-01-01 07:02:00,261.63626243749275,127.47658397499816,12.06290795575031,62.72775163236967,53.356455528308864,1,sensor_drift,2025-01-01 06:34:00,2025-01-01 15:07:00
2025-01-01 07:03:00,260.93530220866984,127.25059739503874,12.08609024154576,62.72104898360742,55.28661027743638,1,sensor_drift,2025-01-01 06:34:00,2025-01-01 15:07:00
2025-01-01 07:04:00,261.417063092643,126.81708552539683,12.420735220303195,62.58953721364228,57.014050425284005,1,sensor_drift,2025-01-01 06:34:00,2025-01-01 15:07:00
2025-01-01 07:05:00,261.848885775856,126.74446434202653,12.052687595840915,62.95072909795782,54.1195747533183,1,sensor_drift,2025-01-01 06:34:00,2025-01-01 15:07:00
2025-01-01 07:06:00,262.785786424712,126.53162998355404,12.065893569580743,63.3638512225394,56.19568320085062,1,sensor_drift,2025-01-01 06:34:00,2025-01-01 15:07:00
2025-01-01 07:07:00,263.52704402976167,127.07104277285205,12.116769290338311,61.53882066274276,56.05962560456457,1,sensor_drift,2025-01-01 06:34:00,2025-01-01 15:07:00
2025-01-01 07:08:00,261.05208332347655,126.44829498823036,11.877857857606587,61.65822265529908,58.09794577526676,1,sensor_drift,2025-01-01 06:34:00,2025-01-01 15:07:00
2025-01-01 07:09:00,262.47938164135104,126.81889178352691,11.980717932322332,60.98560310981916,55.82519333213201,1,sensor_drift,2025-01-01 06:34:00,2025-01-01 15:07:00
2025-01-01 07:10:00,261.33986655316335,127.20745299678222,11.989541858458278,63.29217354175347,55.95653094900758,1,sensor_drift,2025-01-01 06:34:00,2025-01-01 15:07:00
2025-01-01 07:11:00,262.55913246863025,126.35390557299284,12.180836000604211,62.688565035728445,57.24991910446694,1,sensor_drift,2025-01-01 06:34:00,2025-01-01 15:07:00
2025-01-01 07:12:00,262.0814697772208,126.32792564674348,12.075855887151327,62.86659964104127,54.69427881714829,1,sensor_drift,2025-01-01 06:34:00,2025-01-01 15:07:00
2025-01-01 07:13:00,260.7284700965332,125.98762852707002,12.14106418115511,61.07163754300528,56.08317448230874,1,sensor_drift,2025-01-01 06:34:00,2025-01-01 15:07:00
2025-01-01 07:14:00,262.94257952449203,126.0721254903398,12.30185679071999,63.90872497423213,55.864101885780784,1,sensor_drift,2025-01-01 06:34:00,2025-01-01 15:07:00
2025-01-01 07:15:00,261.72258020672365,125.62028813687286,12.286677369342796,61.69616720972935,56.307408869538875,1,sensor_drift,2025-01-01 06:34:00,2025-01-01 15:07:00
2025-01-01 07:16:00,261.7859912628971,127.16169371240761,12.151469885380047,62.33517298378494,57.55570858387038,1,sensor_drift,2025-01-01 06:34:00,2025-01-01 15:07:00
2025-01-01 07:17:00,261.36373219332495,127.81557127623162,12.093808041260468,62.89020043097816,57.266512116435365,1,sensor_drift,2025-01-01 06:34:00,2025-01-01 15:07:00
2025-01-01 07:18:00,261.70242232520303,127.59180109381262,12.383232644756292,61.16826973210844,55.767369735136185,1,sensor_drift,2025-01-01 06:34:00,2025-01-01 15:07:00
2025-01-01 07:19:00,262.57436844409415,125.76728934496502,12.347712957824447,61.49800737167179,56.89446335426061,1,sensor_drift,2025-01-01 06:34:00,2025-01-01 15:07:00
2025-01-01 07:20:00,262.0867602519663,127.1841443548985,12.009431168086207,62.08197254336647,58.583948597905106,1,sensor_drift,2025-01-01 06:34:00,2025-01-01 15:07:00
2025-01-01 07:21:00,262.5070776173609,127.60874214976033,12.222188413592413,64.42135424830748,55.86312559160039,1,sensor_drift,2025-01-01 06:34:00,2025-01-01 15:07:00
2025-01-01 07:22:00,262.5395706186335,126.48759448467779,12.312830870969893,62.04746481993066,57.10065458836246,1,sensor_drift,2025-01-01 06:34:00,2025-01-01 15:07:00
2025-01-01 07:23:00,263.3123405825386,126.82870648260506,12.423719111692549,63.146937484813975,56.76068871019364,1,sensor_drift,2025-01-01 06:34:00,2025-01-01 15:07:00
2025-01-01 07:24:00,261.98725363829175,125.5692152357602,12.462348849213013,62.70903692357342,56.98323238244252,1,sensor_drift,2025-01-01 06:34:00,2025-01-01 15:07:00
2025-01-01 07:25:00,261.0855609622202,126.94006137399298,12.387405169357013,61.87584105582172,55.16872866518719,1,sensor_drift,2025-01-01 06:34:00,2025-01-01 15:07:00
2025-01-01 07:26:00,263.1262833411497,126.14790808229422,12.451637513427258,60.57306320027155,58.885427866865335,1,sensor_drift,2025-01-01 06:34:00,2025-01-01 15:07:00
2025-01-01 07:27:00,262.01266677955374,126.91180489292671,12.392546278138987,62.33385622044667,56.330592663077354,1,sensor_drift,2025-01-01 06:34:00,2025-01-01 15:07:00
2025-01-01 07:28:00,263.1747770830627,125.86123788310366,12.300966419728473,59.94657380564303,58.558704302950375,1,sensor_drift,2025-01-01 06:34:00,2025-01-01 15:07:00
2025-01-01 07:29:00,262.5949447146514,127.12956619473047,12.382014744810606,62.648538387521604,56.64966208247234,1,sensor_drift,2025-01-01 06:34:00,2025-01-01 15:07:00
2025-01-01 07:30:00,262.18836717090505,127.42440643653423,12.443253894370633,61.29874227567234,56.71289013638837,1,sensor_drift,2025-01-01 06:34:00,2025-01-01 15:07:00
2025-01-01 07:31:00,262.57722654525975,126.34559451214703,12.454443484281294,58.64265920105572,58.98770348203404,1,sensor_drift,2025-01-01 06:34:00,2025-01-01 15:07:00
2025-01-01 07:32:00,263.8638391688157,126.13910858478484,12.196087687392598,60.628691658774514,58.793347617344,1,sensor_drift,2025-01-01 06:34:00,2025-01-01 15:07:00
2025-01-01 07:33:00,263.9693316841364,125.53336419984225,12.438616216796705,61.429179030497664,57.92007879542997,1,sensor_drift,2025-01-01 06:34:00,2025-01-01 15:07:00
2025-01-01 07:34:00,262.36786535441695,126.67280206551771,12.52602024220204,60.53100424203862,58.652309545822874,1,sensor_drift,2025-01-01 06:34:00,2025-01-01 15:07:00
2025-01-01 07:35:00,262.44502134937034,126.48932233722965,12.494768890307494,61.2897809165128,57.462162671057314,1,sensor_drift,2025-01-01 06:34:00,2025-01-01 15:07:00
2025-01-01 07:36:00,263.1822648718287,125.91325199669767,12.519368860819856,59.78148398425083,57.8681223061971,1,sensor_drift,2025-01-01 06:34:00,2025-01-01 15:07:00
2025-01-01 07:37:00,261.64904343524864,127.12121636273004,12.649040945903224,59.26966212887923,57.154184323885566,1,sensor_drift,2025-01-01 06:34:00,2025-01-01 15:07:00
2025-01-01 07:38:00,262.5962239233539,126.58492094807256,12.433478958884544,60.27762731700194,59.1032066796586,1,sensor_drift,2025-01-01 06:34:00,2025-01-01 15:07:00
2025-01-01 07:39:00,262.31316876458743,126.21491635937558,12.370625700248782,60.265591992590444,57.256645201338614,1,sensor_drift,2025-01-01 06:34:00,2025-01-01 15:07:00
2025-01-01 07:40:00,262.5889732913859,126.53302602420735,12.582143965069811,59.817296391715516,59.94155086197149,1,sensor_drift,2025-01-01 06:34:00,2025-01-01 15:07:00
2025-01-01 07:41:00,261.67503582796667,127.51392058699369,12.768550604261012,61.12750085102116,57.85118614193085,1,sensor_drift,2025-01-01 06:34:00,2025-01-01 15:07:00
2025-01-01 07:42:00,261.073857711452,127.23822537712779,12.926655715358908,59.148318656967035,58.32581539652647,1,sensor_drift,2025-01-01 06:34:00,2025-01-01 15:07:00
2025-01-01 07:43:00,260.69080268714254,126.80372996140737,12.810455311097083,60.084424115429385,59.2828830122866,1,sensor_drift,2025-01-01 06:34:00,2025-01-01 15:07:00
2025-01-01 07:44:00,261.45885698740335,127.25844812682683,12.492532516271105,59.75135490622605,58.47242944437536,1,sensor_drift,2025-01-01 06:34:00,2025-01-01 15:07:00
2025-01-01 07:45:00,261.9892962212447,126.19563467999969,12.697574374122208,58.17531576375349,58.157855568980786,1,sensor_drift,2025-01-01 06:34:00,2025-01-01 15:07:00
2025-01-01 07:46:00,262.12505290029316,126.91675796444127,12.790602053601658,58.274017140246514,58.5510336250197,1,sensor_drift,2025-01-01 06:34:00,2025-01-01 15:07:00
2025-01-01 07:47:00,263.91265859041044,126.99084075681974,12.798441735460155,59.355289497272615,59.73151494752578,1,sensor_drift,2025-01-01 06:34:00,2025-01-01 15:07:00
2025-01-01 07:48:00,263.2508338410561,126.62561440537169,12.872412332644641,61.00975146058611,57.93552848067688,1,sensor_drift,2025-01-01 06:34:00,2025-01-01 15:07:00
2025-01-01 07:49:00,261.5994299558412,127.17381785528879,12.673688972059843,59.628828686523846,58.65162412800483,1,sensor_drift,2025-01-01 06:34:00,2025-01-01 15:07:00
2025-01-01 07:50:00,262.6502317610301,126.44926701015888,12.840732193520559,57.43397772725002,58.887741251666235,1,sensor_drift,2025-01-01 06:34:00,2025-01-01 15:07:00
2025-01-01 07:51:00,262.049263235698,127.22836151832327,12.913796990208013,56.065958531567944,59.98531138099543,1,sensor_drift,2025-01-01 06:34:00,2025-01-01 15:07:00
2025-01-01 07:52:00,262.1501944867215,127.25848424506609,12.994369127747568,59.402317306562644,58.900522049801694,1,sensor_drift,2025-01-01 06:34:00,2025-01-01 15:07:00
2025-01-01 07:53:00,262.5286049487646,125.18193091709523,12.769441425018968,58.53200819811198,61.262930195067824,1,sensor_drift,2025-01-01 06:34:00,2025-01-01 15:07:00
2025-01-01 07:54:00,262.87823956955214,127.65122620376098,12.858315692182101,59.52066870447983,58.97785923756543,1,sensor_drift,2025-01-01 06:34:00,2025-01-01 15:07:00
2025-01-01 07:55:00,262.1139537471378,125.11323735005712,12.52431470865247,57.574748039576264,58.953310903675586,1,sensor_drift,2025-01-01 06:34:00,2025-01-01 15:07:00
2025-01-01 07:56:00,263.2387994690239,126.57691985251482,12.85647292781544,58.55542451170097,59.10620196638626,1,sensor_drift,2025-01-01 06:34:00,2025-01-01 15:07:00
2025-01-01 07:57:00,261.47642546152287,127.56644883823664,12.89084023179309,58.87364146932417,57.80445554881073,1,sensor_drift,2025-01-01 06:34:00,2025-01-01 15:07:00
2025-01-01 07:58:00,262.3972054255292,126.76551720469828,12.836379068480662,57.58027219583821,58.2134053026695,1,sensor_drift,2025-01-01 06:34:00,2025-01-01 15:07:00
2025-01-01 07:59:00,264.4723318682115,126.08078544674113,13.033975537378911,57.46950792715153,58.893789000376344,1,sensor_drift,2025-01-01 06:34:00,2025-01-01 15:07:00
2025-01-01 08:00:00,262.5746162168068,126.30882127243109,13.020560215876344,57.74484791163318,60.966748312143274,1,sensor_drift,2025-01-01 06:34:00,2025-01-01 15:07:00
2025-01-01 08:01:00,263.5445846365113,127.58573221080336,12.709888264885613,58.078817317342995,59.637207900752955,1,sensor_drift,2025-01-01 06:34:00,2025-01-01 15:07:00
2025-01-01 08:02:00,262.4729911051877,125.82117018277464,13.100913512055754,57.445016179616985,59.16862824797991,1,sensor_drift,2025-01-01 06:34:00,2025-01-01 15:07:00
2025-01-01 08:03:00,262.86606014527257,127.65591068933084,12.949152976009168,58.201272960637574,61.295312467023166,1,sensor_drift,2025-01-01 06:34:00,2025-01-01 15:07:00
2025-01-01 08:04:00,262.35757724869853,126.94985699232991,13.181065182292741,56.774985940382614,61.75817218696159,1,sensor_drift,2025-01-01 06:34:00,2025-01-01 15:07:00
2025-01-01 08:05:00,262.26814515910627,126.2718424784169,12.935739013543499,55.860555963022776,61.476518757246055,1,sensor_drift,2025-01-01 06:34:00,2025-01-01 15:07:00
2025-01-01 08:06:00,261.78225506874423,126.64173136750361,13.152315819877376,58.700147204932094,59.019655267420305,1,sensor_drift,2025-01-01 06:34:00,2025-01-01 15:07:00
2025-01-01 08:07:00,262.7513544371394,126.38554595782792,13.12513041202241,56.24087162101361,59.522363624545285,1,sensor_drift,2025-01-01 06:34:00,2025-01-01 15:07:00
2025-01-01 08:08:00,261.72705882558995,127.51985536090618,13.2328508593568,56.137072977747025,62.36643116453097,1,sensor_drift,2025-01-01 06:34:00,2025-01-01 15:07:00
2025-01-01 08:09:00,262.9418351192746,127.44377624011764,13.22586008727238,56.45257453220632,60.5525805920034,1,sensor_drift,2025-01-01 06:34:00,2025-01-01 15:07:00
2025-01-01 08:10:00,263.27857827843405,125.97698193420659,13.188638704725102,56.434926679768125,60.01529670091077,1,sensor_drift,2025-01-01 06:34:00,2025-01-01 15:07:00
2025-01-01 08:11:00,262.7044592035761,126.77044226129938,13.016216900230676,55.888695887796345,61.27166605412186,1,sensor_drift,2025-01-01 06:34:00,2025-01-01 15:07:00
2025-01-01 08:12:00,262.183024420828,126.498765022457,13.044806217143904,56.082891429536474,61.69156178051898,1,sensor_drift,2025-01-01 06:34:00,2025-01-01 15:07:00
2025-01-01 08:13:00,262.77588939853354,127.79682137069501,13.198517952580817,55.92433206055986,59.870164868961076,1,sensor_drift,2025-01-01 06:34:00,2025-01-01 15:07:00
2025-01-01 08:14:00,262.16637648796586,126.21465508429206,13.304555182337404,55.97869913395395,60.89227279762776,1,sensor_drift,2025-01-01 06:34:00,2025-01-01 15:07:00
2025-01-01 08:15:00,263.1622553741874,127.99121149356738,13.234237409257677,53.56061650259404,61.81378845266309,1,sensor_drift,2025-01-01 06:34:00,2025-01-01 15:07:00
2025-01-01 08:16:00,260.94910056795817,127.01261708767743,13.438913770701758,57.23592951602827,59.382466343729774,1,sensor_drift,2025-01-01 06:34:00,2025-01-01 15:07:00
2025-01-01 08:17:00,262.1460526002682,126.33931372898991,13.322884848251647,55.27120153561738,60.862435050323356,1,sensor_drift,2025-01-01 06:34:00,2025-01-01 15:07:00
2025-01-01 08:18:00,260.82210753563294,126.63395096114948,13.23962939321343,55.786818563860706,59.583069549141726,1,sensor_drift,2025-01-01 06:34:00,2025-01-01 15:07:00
2025-01-01 08:19:00,261.2188329634712,126.56314604039434,13.362256173982342,53.88438369192814,59.81265624254314,1,sensor_drift,2025-01-01 06:34:00,2025-01-01 15:07:00
2025-01-01 08:20:00,263.5060020495851,126.28310906951317,13.45741360311844,54.56115337995271,60.38973956346334,1,sensor_drift,2025-01-01 06:34:00,2025-01-01 15:07:00
2025-01-01 08:21:00,263.1309973165474,127.10850000374244,13.491804736848492,54.240352603970564,61.71039307982149,1,sensor_drift,2025-01-01 06:34:00,2025-01-01 15:07:00
2025-01-01 08:22:00,261.83910892351,126.31853946547568,13.744338394223401,56.028618621721044,60.82368767989198,1,sensor_drift,2025-01-01 06:34:00,2025-01-01 15:07:00
2025-01-01 08:23:00,261.21244112695734,125.75071522966962,13.381725420083221,54.03915493320545,60.50414558145893,1,sensor_drift,2025-01-01 06:34:00,2025-01-01 15:07:00
2025-01-01 08:24:00,260.0424788959764,126.83473660342847,13.490489831981115,55.109311195963876,61.41610469170475,1,sensor_drift,2025-01-01 06:34:00,2025-01-01 15:07:00
2025-01-01 08:25:00,261.9788712192588,125.98439779281797,13.584848264295834,53.7024873580797,60.049727318497965,1,sensor_drift,2025-01-01 06:34:00,2025-01-01 15:07:00
2025-01-01 08:26:00,264.3494731735012,126.61834563070254,13.536801223247478,53.74155220055123,62.012333444494516,1,sensor_drift,2025-01-01 06:34:00,2025-01-01 15:07:00
2025-01-01 08:27:00,262.76043029331726,126.52767279856563,13.484572622431852,53.78921682880167,62.92695644080681,1,sensor_drift,2025-01-01 06:34:00,2025-01-01 15:07:00
2025-01-01 08:28:00,261.9641552314442,126.55385913190274,13.346591861855513,55.0272768218911,61.54559813004634,1,sensor_drift,2025-01-01 06:34:00,2025-01-01 15:07:00
2025-01-01 08:29:00,262.783076182808,128.28058286729066,13.521633505724234,52.032896700592175,61.46863492505577,1,sensor_drift,2025-01-01 06:34:00,2025-01-01 15:07:00
2025-01-01 08:30:00,261.16135335935184,127.11723029102983,13.456443483083985,52.412000487670184,62.23092515899431,1,sensor_drift,2025-01-01 06:34:00,2025-01-01 15:07:00
2025-01-01 08:31:00,262.17127875230494,127.23394653975681,13.377708655730908,51.706284274238556,59.419420946905085,1,sensor_drift,2025-01-01 06:34:00,2025-01-01 15:07:00
2025-01-01 08:32:00,262.4876465000529,126.02418790621144,13.536508062160124,52.34333769801761,62.56834944538674,1,sensor_drift,2025-01-01 06:34:00,2025-01-01 15:07:00
2025-01-01 08:33:00,262.3380210638276,126.7009144470197,13.517914545469035,52.45539134993389,65.71680470317034,1,sensor_drift,2025-01-01 06:34:00,2025-01-01 15:07:00
2025-01-01 08:34:00,263.03829383846653,127.22570197009595,13.78162165943678,51.597092670860356,61.91748479056795,1,sensor_drift,2025-01-01 06:34:00,2025-01-01 15:07:00
2025-01-01 08:35:00,262.6800230795462,126.48499385998441,13.803248567797723,52.25428118169372,61.991674315463655,1,sensor_drift,2025-01-01 06:34:00,2025-01-01 15:07:00
2025-01-01 08:36:00,262.9375365832282,127.64770260975322,13.596488542957092,50.96729458179859,63.09664677044485,1,sensor_drift,2025-01-01 06:34:00,2025-01-01 15:07:00
2025-01-01 08:37:00,261.8506580387085,126.38436365866484,13.71197511265741,51.73054729398247,64.24816985821505,1,sensor_drift,2025-01-01 06:34:00,2025-01-01 15:07:00
2025-01-01 08:38:00,263.11799982705475,126.9372417769502,13.491164110382009,53.594031862689384,63.512935011175195,1,sensor_drift,2025-01-01 06:34:00,2025-01-01 15:07:00
2025-01-01 08:39:00,263.70120055053997,126.76047359619831,13.71459156441021,52.74455648864884,59.825191351572784,1,sensor_drift,2025-01-01 06:34:00,2025-01-01 15:07:00
2025-01-01 08:40:00,261.6201470429927,127.2137035034266,13.867381655641108,52.41851952607156,63.1566797249225,1,sensor_drift,2025-01-01 06:34:00,2025-01-01 15:07:00
2025-01-01 08:41:00,261.68423829412353,126.73378713134306,13.950015464120417,51.216607054167355,65.63532678200477,1,sensor_drift,2025-01-01 06:34:00,2025-01-01 15:07:00
2025-01-01 08:42:00,263.46106326265635,126.9584787377575,13.738005564104258,50.60681797306627,63.36406982407579,1,sensor_drift,2025-01-01 06:34:00,2025-01-01 15:07:00
2025-01-01 08:43:00,262.2373147169483,126.98223440589334,14.021374984653196,50.83515773969372,61.299461233332245,1,sensor_drift,2025-01-01 06:34:00,2025-01-01 15:07:00
2025-01-01 08:44:00,263.51131459498987,126.68614129612214,13.654822237303014,51.69356948805616,63.09072760115359,1,sensor_drift,2025-01-01 06:34:00,2025-01-01 15:07:00
2025-01-01 08:45:00,262.0320102753601,127.42065583979571,13.713555132957524,52.38687288344997,61.282954026677174,1,sensor_drift,2025-01-01 06:34:00,2025-01-01 15:07:00
2025-01-01 08:46:00,263.5477707857506,127.27542232687496,14.02561474351423,52.29173389993636,64.36608061133072,1,sensor_drift,2025-01-01 06:34:00,2025-01-01 15:07:00
2025-01-01 08:47:00,262.4865329038146,127.08197507050235,14.188241578316791,51.92231614052885,61.806277973536275,1,sensor_drift,2025-01-01 06:34:00,2025-01-01 15:07:00
2025-01-01 08:48:00,262.58545201152253,126.87958706361631,14.029936788109318,50.567236000300795,63.1087264690701,1,sensor_drift,2025-01-01 06:34:00,2025-01-01 15:07:00
2025-01-01 08:49:00,263.6280831822569,127.61847173702908,13.968158799364888,51.130552253379996,62.05626399641128,1,sensor_drift,2025-01-01 06:34:00,2025-01-01 15:07:00
2025-01-01 08:50:00,262.0842476389054,127.0016927957368,13.663159250925812,50.69785475501023,62.49548985029431,1,sensor_drift,2025-01-01 06:34:00,2025-01-01 15:07:00
2025-01-01 08:51:00,261.6180373798741,126.96178790089365,13.707233825174605,50.68582025220047,64.99989024732628,1,sensor_drift,2025-01-01 06:34:00,2025-01-01 15:07:00
2025-01-01 08:52:00,262.0092708432923,127.2111982719808,14.048112737655824,52.5813931389393,63.40558729659752,1,sensor_drift,2025-01-01 06:34:00,2025-01-01 15:07:00
2025-01-01 08:53:00,262.7270929798089,128.1688794344885,13.993027631740533,49.04456001778376,62.67496510995384,1,sensor_drift,2025-01-01 06:34:00,2025-01-01 15:07:00
2025-01-01 08:54:00,261.10963896832936,126.349222202718,13.898831741159466,50.30286433077177,62.03593696556839,1,sensor_drift,2025-01-01 06:34:00,2025-01-01 15:07:00
2025-01-01 08:55:00,262.8691604944794,127.6178240409826,14.092440124165037,51.48972717227181,61.22799723114661,1,sensor_drift,2025-01-01 06:34:00,2025-01-01 15:07:00
2025-01-01 08:56:00,261.9250217479377,126.02244680410377,14.11771537541829,48.966331963476726,62.035949771265344,1,sensor_drift,2025-01-01 06:34:00,2025-01-01 15:07:00
2025-01-01 08:57:00,263.27106178913476,127.29111875349882,14.259874692573925,49.594178820937465,63.73489721263043,1,sensor_drift,2025-01-01 06:34:00,2025-01-01 15:07:00
2025-01-01 08:58:00,260.43409445100474,128.10817581945068,14.156399511337593,49.58680423350324,64.83949139631214,1,sensor_drift,2025-01-01 06:34:00,2025-01-01 15:07:00
2025-01-01 08:59:00,261.7168596336564,127.4586645537386,14.337794413120918,49.75286938574568,63.05305212153313,1,sensor_drift,2025-01-01 06:34:00,2025-01-01 15:07:00
2025-01-01 09:00:00,260.993466166132,127.27014200009025,14.172288713606315,48.409897058452884,65.67198073170063,1,sensor_drift,2025-01-01 06:34:00,2025-01-01 15:07:00
2025-01-01 09:01:00,261.67810477364463,126.83376712985807,14.171271015792074,50.27601420249259,62.987767079322424,1,sensor_drift,2025-01-01 06:34:00,2025-01-01 15:07:00
2025-01-01 09:02:00,262.5335883066863,127.19090148104276,14.365626107999146,50.235515717286845,63.62417063296145,1,sensor_drift,2025-01-01 06:34:00,2025-01-01 15:07:00
2025-01-01 09:03:00,262.1883614586903,127.0232384603622,14.07654658960621,49.99062934024959,62.67488099848194,1,sensor_drift,2025-01-01 06:34:00,2025-01-01 15:07:00
2025-01-01 09:04:00,262.1252481675956,126.70505996138867,14.662737787723689,48.648654898853565,65.21944011068904,1,sensor_drift,2025-01-01 06:34:00,2025-01-01 15:07:00
2025-01-01 09:05:00,262.19673043758957,127.00485727017076,14.31404083915604,49.41044664482347,66.60724973978304,1,sensor_drift,2025-01-01 06:34:00,2025-01-01 15:07:00
2025-01-01 09:06:00,262.4828380466585,127.29991513561025,14.331980858725629,48.425412793823725,62.03531908294793,1,sensor_drift,2025-01-01 06:34:00,2025-01-01 15:07:00
2025-01-01 09:07:00,261.50926910840366,126.72262723469751,14.37064694527624,48.839650193625964,63.792912347477746,1,sensor_drift,2025-01-01 06:34:00,2025-01-01 15:07:00
2025-01-01 09:08:00,262.87746987309424,126.70122680774544,14.59040005660652,50.98297182293786,65.78438855180026,1,sensor_drift,2025-01-01 06:34:00,2025-01-01 15:07:00
2025-01-01 09:09:00,262.83793724950607,126.37085580127705,14.444572837208245,49.03865402465359,62.58819612857709,1,sensor_drift,2025-01-01 06:34:00,2025-01-01 15:07:00
2025-01-01 09:10:00,262.6115715958189,127.42341053469248,14.101724732749373,47.79327388125945,65.06195522807047,1,sensor_drift,2025-01-01 06:34:00,2025-01-01 15:07:00
2025-01-01 09:11:00,262.74442759880907,127.51811097576692,14.5697085292513,48.9357389007763,65.90462443686941,1,sensor_drift,2025-01-01 06:34:00,2025-01-01 15:07:00
2025-01-01 09:12:00,262.5319180388001,127.33182278243905,14.324675952126068,47.47010672663183,64.58916885998491,1,sensor_drift,2025-01-01 06:34:00,2025-01-01 15:07:00
2025-01-01 09:13:00,263.91834863818985,127.77380646063929,14.408422994937073,47.522822758049315,65.21155349434578,1,sensor_drift,2025-01-01 06:34:00,2025-01-01 15:07:00
2025-01-01 09:14:00,262.2160449524524,127.2492707027878,14.216916976757403,47.58207925364131,66.71976510451809,1,sensor_drift,2025-01-01 06:34:00,2025-01-01 15:07:00
2025-01-01 09:15:00,262.0354083159327,127.43357110016962,14.50410598800691,48.03834368164633,66.99973336341336,1,sensor_drift,2025-01-01 06:34:00,2025-01-01 15:07:00
2025-01-01 09:16:00,261.6735321096572,127.38245002785881,14.343754673660236,49.20262517836668,64.64168890084859,1,sensor_drift,2025-01-01 06:34:00,2025-01-01 15:07:00
2025-01-01 09:17:00,261.4457483783141,127.14697536950588,14.472685173620835,48.803065159646,64.13110702734998,1,sensor_drift,2025-01-01 06:34:00,2025-01-01 15:07:00
2025-01-01 09:18:00,261.27111085990026,126.88512702394767,14.431156841204084,48.6784024894561,63.719372123324185,1,sensor_drift,2025-01-01 06:34:00,2025-01-01 15:07:00
2025-01-01 09:19:00,261.55070602727307,128.53380151858255,14.778547919053311,47.14594349594408,66.0485641127401,1,sensor_drift,2025-01-01 06:34:00,2025-01-01 15:07:00
2025-01-01 09:20:00,262.2001813527976,126.93579843630424,14.803070997680878,47.57715274895927,63.28240060742759,1,sensor_drift,2025-01-01 06:34:00,2025-01-01 15:07:00
2025-01-01 09:21:00,262.5190701146817,126.8090708782792,14.52855584866058,48.24060939946456,64.67722610674444,1,sensor_drift,2025-01-01 06:34:00,2025-01-01 15:07:00
2025-01-01 09:22:00,262.28738296850827,127.47060144476447,14.546932751683515,47.363926695449955,65.15478020537877,1,sensor_drift,2025-01-01 06:34:00,2025-01-01 15:07:00
2025-01-01 09:23:00,261.6288037494313,127.36287597058329,14.496986523402722,47.61464493384043,64.47863522644056,1,sensor_drift,2025-01-01 06:34:00,2025-01-01 15:07:00
2025-01-01 09:24:00,262.956069997515,126.37042604905841,14.734479802612078,48.20033093809408,65.46815099650084,1,sensor_drift,2025-01-01 06:34:00,2025-01-01 15:07:00
2025-01-01 09:25:00,262.82207097094516,127.88841563319839,14.53472516723956,47.42933832942775,68.2593482753612,1,sensor_drift,2025-01-01 06:34:00,2025-01-01 15:07:00
2025-01-01 09:26:00,262.0973691738881,127.15976984638354,14.53625464077933,47.88902348169244,65.08501134265504,1,sensor_drift,2025-01-01 06:34:00,2025-01-01 15:07:00
2025-01-01 09:27:00,261.6972307801272,126.55117621614517,14.761543453707379,49.06358961718964,64.75686662543552,1,sensor_drift,2025-01-01 06:34:00,2025-01-01 15:07:00
2025-01-01 09:28:00,262.6527111886178,127.93242415692647,14.549215588646964,47.422270175530166,66.54559635429328,1,sensor_drift,2025-01-01 06:34:00,2025-01-01 15:07:00
2025-01-01 09:29:00,262.35868255019557,127.59594854304382,14.639409207777277,48.587417346254334,65.66195913738548,1,sensor_drift,2025-01-01 06:34:00,2025-01-01 15:07:00
2025-01-01 09:30:00,261.04406676652025,126.46317837735306,14.422893397631654,47.980793249717884,67.14833291927216,1,sensor_drift,2025-01-01 06:34:00,2025-01-01 15:07:00
2025-01-01 09:31:00,262.14237972346984,128.28954467426186,14.780641137339478,46.110480735597214,65.66483187901542,1,sensor_drift,2025-01-01 06:34:00,2025-01-01 15:07:00
2025-01-01 09:32:00,262.4005187885718,127.61981597889984,14.980969709119766,46.39501913516258,65.21457608625141,1,sensor_drift,2025-01-01 06:34:00,2025-01-01 15:07:00
2025-01-01 09:33:00,261.46519177423374,127.21969383205162,14.812754578313937,46.59496910957687,63.41708674277222,1,sensor_drift,2025-01-01 06:34:00,2025-01-01 15:07:00
2025-01-01 09:34:00,262.330811434778,128.1811882502514,14.938475299124196,46.53644864652779,63.65813819987054,1,sensor_drift,2025-01-01 06:34:00,2025-01-01 15:07:00
2025-01-01 09:35:00,261.00899990197524,127.32385279120675,14.606827845103574,47.18747769553221,63.44263032521965,1,sensor_drift,2025-01-01 06:34:00,2025-01-01 15:07:00
2025-01-01 09:36:00,263.23566039376453,127.21261328566877,14.783632198410746,47.78721152272038,66.14370558529332,1,sensor_drift,2025-01-01 06:34:00,2025-01-01 15:07:00
2025-01-01 09:37:00,263.15885798187213,126.83444409448039,14.621052182844643,48.33133345601955,64.09620523395786,1,sensor_drift,2025-01-01 06:34:00,2025-01-01 15:07:00
2025-01-01 09:38:00,261.95220386682325,127.5808676528616,14.742605772405769,47.44908290287799,67.27937501467675,1,sensor_drift,2025-01-01 06:34:00,2025-01-01 15:07:00
2025-01-01 09:39:00,262.43863461049466,127.51882475548747,14.906748185293434,46.74303273291844,65.85012257952255,1,sensor_drift,2025-01-01 06:34:00,2025-01-01 15:07:00
2025-01-01 09:40:00,260.2135210454664,127.24274917481144,14.820236468053624,45.2449391941778,65.56130937328159,1,sensor_drift,2025-01-01 06:34:00,2025-01-01 15:07:00
2025-01-01 09:41:00,261.20990244736555,126.7610000941702,14.607014831244872,47.15969955365097,64.88157256680665,1,sensor_drift,2025-01-01 06:34:00,2025-01-01 15:07:00
2025-01-01 09:42:00,261.8934142854273,127.31397350481171,14.63550458371526,47.098982315939814,66.68012777052003,1,sensor_drift,2025-01-01 06:34:00,2025-01-01 15:07:00
2025-01-01 09:43:00,261.2641231490289,127.19513304778039,14.639332358385126,47.222459017029365,65.00658783862136,1,sensor_drift,2025-01-01 06:34:00,2025-01-01 15:07:00
2025-01-01 09:44:00,262.686674606929,126.43789766743635,14.93387256323117,48.937892668016794,64.8274446711871,1,sensor_drift,2025-01-01 06:34:00,2025-01-01 15:07:00
2025-01-01 09:45:00,263.706258622716,126.35583817175448,15.183286021386703,48.14569055259378,67.4731721817247,1,sensor_drift,2025-01-01 06:34:00,2025-01-01 15:07:00
2025-01-01 09:46:00,261.1603301363289,127.578934490566,15.091516912430984,47.72501374539139,66.50928853246326,1,sensor_drift,2025-01-01 06:34:00,2025-01-01 15:07:00
2025-01-01 09:47:00,261.42478865385135,125.67960008476878,14.616095645351834,46.144326014580564,65.83775153717745,1,sensor_drift,2025-01-01 06:34:00,2025-01-01 15:07:00
2025-01-01 09:48:00,262.27619290473814,127.36484390371433,15.126898743352761,46.54267044191703,66.92463905386539,1,sensor_drift,2025-01-01 06:34:00,2025-01-01 15:07:00
2025-01-01 09:49:00,263.36973974700766,126.95558634376768,15.067339801425526,46.915611402165844,66.20021538474755,1,sensor_drift,2025-01-01 06:34:00,2025-01-01 15:07:00
2025-01-01 09:50:00,261.095898200049,128.02819698499502,14.708125390272812,46.30214755055426,66.68301183427614,1,sensor_drift,2025-01-01 06:34:00,2025-01-01 15:07:00
2025-01-01 09:51:00,262.2659159933392,126.9479553642967,14.90737885544054,47.451911321656986,65.27639502209439,1,sensor_drift,2025-01-01 06:34:00,2025-01-01 15:07:00
2025-01-01 09:52:00,263.51655466604973,127.64048868913416,15.130024081215808,47.32662692311091,68.77362117878174,1,sensor_drift,2025-01-01 06:34:00,2025-01-01 15:07:00
2025-01-01 09:53:00,260.7308762233678,127.007386504387,15.060995123951804,46.032282884590416,65.62543955463607,1,sensor_drift,2025-01-01 06:34:00,2025-01-01 15:07:00
2025-01-01 09:54:00,261.0201360228191,127.31449530388156,14.794697841644783,48.097679171367815,68.21935060887255,1,sensor_drift,2025-01-01 06:34:00,2025-01-01 15:07:00
2025-01-01 09:55:00,261.69875426379446,127.68903506395334,15.09520293507201,47.123838288006695,66.15593931530425,1,sensor_drift,2025-01-01 06:34:00,2025-01-01 15:07:00
2025-01-01 09:56:00,261.61375771917596,126.97006175748038,14.695393447696391,45.48923701331057,67.38084946915836,1,sensor_drift,2025-01-01 06:34:00,2025-01-01 15:07:00
2025-01-01 09:57:00,262.6728395466652,127.84616564589167,14.994919470132901,47.01525757856752,67.32244894054031,1,sensor_drift,2025-01-01 06:34:00,2025-01-01 15:07:00
2025-01-01 09:58:00,262.2085579536209,126.65262718113787,15.21125784364371,47.33303522142069,67.84594428923945,1,sensor_drift,2025-01-01 06:34:00,2025-01-01 15:07:00
2025-01-01 09:59:00,260.58767421455946,127.42619064814885,15.055442220624784,47.97635832052695,65.48860569786837,1,sensor_drift,2025-01-01 06:34:00,2025-01-01 15:07:00
2025-01-01 10:00:00,262.41232832232066,127.80358383367272,14.989858417746706,46.8204183756399,67.81503608330522,1,sensor_drift,2025-01-01 06:34:00,2025-01-01 15:07:00
2025-01-01 10:01:00,261.5302679121668,127.64656375426223,15.21001414334757,47.89499258345215,68.76620541804724,1,sensor_drift,2025-01-01 06:34:00,2025-01-01 15:07:00
2025-01-01 10:02:00,263.00409913417377,128.40092582629993,15.23463533448195,47.3463681674405,66.26553168336054,1,sensor_drift,2025-01-01 06:34:00,2025-01-01 15:07:00
2025-01-01 10:03:00,261.47465741983217,126.793489513356,15.29663610140442,46.02486614294558,66.64237507204291,1,sensor_drift,2025-01-01 06:34:00,2025-01-01 15:07:00
2025-01-01 10:04:00,261.45956549499624,126.4245344998067,15.242886369345962,45.96761349885834,65.996632509332,1,sensor_drift,2025-01-01 06:34:00,2025-01-01 15:07:00
2025-01-01 10:05:00,262.39383790215993,126.65587085720139,15.285443415756308,48.28677916830975,66.23235918600366,1,sensor_drift,2025-01-01 06:34:00,2025-01-01 15:07:00
2025-01-01 10:06:00,262.5632937474272,127.64916244057808,15.244573085074398,48.39042539634927,68.72437521847849,1,sensor_drift,2025-01-01 06:34:00,2025-01-01 15:07:00
2025-01-01 10:07:00,262.30339749425804,127.55205292852372,15.185763213627473,47.64456351178276,65.48744008563453,1,sensor_drift,2025-01-01 06:34:00,2025-01-01 15:07:00
2025-01-01 10:08:00,260.58835152280744,127.31503290275317,15.170555005397059,48.74231588445311,65.58309867759894,1,sensor_drift,2025-01-01 06:34:00,2025-01-01 15:07:00
2025-01-01 10:09:00,262.3591146738933,126.58026207134851,15.132632193016184,48.391679527783104,68.66710590792577,1,sensor_drift,2025-01-01 06:34:00,2025-01-01 15:07:00
2025-01-01 10:10:00,261.09304523807066,127.71449190908501,14.99735630806948,48.10284997510012,67.50312795400006,1,sensor_drift,2025-01-01 06:34:00,2025-01-01 15:07:00
2025-01-01 10:11:00,262.1004643799724,126.51986192120206,15.0468032994693,46.71654558828266,69.31701858448534,1,sensor_drift,2025-01-01 06:34:00,2025-01-01 15:07:00
2025-01-01 10:12:00,260.76495545011807,127.950345998775,15.158584584263584,49.14642699922733,66.25020967385318,1,sensor_drift,2025-01-01 06:34:00,2025-01-01 15:07:00
2025-01-01 10:13:00,262.2526483642591,128.9697091564775,15.247789770068309,48.12448533145504,66.95969047680781,1,sensor_drift,2025-01-01 06:34:00,2025-01-01 15:07:00
2025-01-01 10:14:00,261.24190775521294,127.47536522071745,15.438277703428428,47.35047343920954,66.03201126176545,1,sensor_drift,2025-01-01 06:34:00,2025-01-01 15:07:00
2025-01-01 10:15:00,260.8526244211056,127.60558660694215,15.22636901174634,47.15442396816506,67.01270706002185,1,sensor_drift,2025-01-01 06:34:00,2025-01-01 15:07:00
2025-01-01 10:16:00,262.44128298992035,126.96021200563534,15.39354199025398,48.047317645977664,64.7270015194069,1,sensor_drift,2025-01-01 06:34:00,2025-01-01 15:07:00
2025-01-01 10:17:00,262.0549871617679,126.16998515085895,15.415199285448287,46.37479258727777,67.69228309401831,1,sensor_drift,2025-01-01 06:34:00,2025-01-01 15:07:00
2025-01-01 10:18:00,261.3618851397355,126.8946461242026,15.228766035759964,48.57315443549267,67.27217318616499,1,sensor_drift,2025-01-01 06:34:00,2025-01-01 15:07:00
2025-01-01 10:19:00,263.0053555186256,126.6006847050944,15.362767739200573,47.15208697244219,66.82785044231133,1,sensor_drift,2025-01-01 06:34:00,2025-01-01 15:07:00
2025-01-01 10:20:00,261.4831876331884,126.38834290850275,15.24701650968202,48.41282935171618,66.44063427448242,1,sensor_drift,2025-01-01 06:34:00,2025-01-01 15:07:00
2025-01-01 10:21:00,261.8526445644013,128.29006530904095,15.491748304647583,47.68091321598841,65.84676444834767,1,sensor_drift,2025-01-01 06:34:00,2025-01-01 15:07:00
2025-01-01 10:22:00,262.0332902140803,127.42045061745605,15.398587678820745,47.985570607183924,67.80436358937808,1,sensor_drift,2025-01-01 06:34:00,2025-01-01 15:07:00
2025-01-01 10:23:00,261.313580368378,127.48460967990209,15.134323299127312,47.61756866526511,65.53567889973495,1,sensor_drift,2025-01-01 06:34:00,2025-01-01 15:07:00
2025-01-01 10:24:00,262.1773288931747,127.07142818857174,15.346711061752739,48.23096241903661,67.56437960724892,1,sensor_drift,2025-01-01 06:34:00,2025-01-01 15:07:00
2025-01-01 10:25:00,261.36471826142065,127.15314407518078,15.579187914619531,50.15580956843897,69.44780165949157,1,sensor_drift,2025-01-01 06:34:00,2025-01-01 15:07:00
2025-01-01 10:26:00,261.4531837557785,127.83560308165673,15.314177810618503,49.78321426960461,68.74867817147164,1,sensor_drift,2025-01-01 06:34:00,2025-01-01 15:07:00
2025-01-01 10:27:00,262.8635772501483,127.23745736974354,15.417814185709268,48.93895308878565,65.16672734712765,1,sensor_drift,2025-01-01 06:34:00,2025-01-01 15:07:00
2025-01-01 10:28:00,260.93191792892566,127.57524418403803,15.441736769697025,48.68236204786526,66.33485904418887,1,sensor_drift,2025-01-01 06:34:00,2025-01-01 15:07:00
2025-01-01 10:29:00,259.82504150507737,127.13917482538506,15.213463543482613,49.55203029541137,67.48998412360193,1,sensor_drift,2025-01-01 06:34:00,2025-01-01 15:07:00
2025-01-01 10:30:00,263.0348501902,127.05141684647349,15.454569717019261,49.89823585642089,66.904437545877,1,sensor_drift,2025-01-01 06:34:00,2025-01-01 15:07:00
2025-01-01 10:31:00,263.7763540662002,126.41247304401998,15.177799816910923,48.225303062389145,65.31325520968547,1,sensor_drift,2025-01-01 06:34:00,2025-01-01 15:07:00
2025-01-01 10:32:00,261.403424148136,126.0698670461195,15.301848580748446,48.995157874827854,67.45792062168579,1,sensor_drift,2025-01-01 06:34:00,2025-01-01 15:07:00
2025-01-01 10:33:00,260.16887419256284,127.09945645313475,15.565773830038587,47.5196116017217,66.98575347411538,1,sensor_drift,2025-01-01 06:34:00,2025-01-01 15:07:00
2025-01-01 10:34:00,261.460620179389,127.29015108200669,15.466558653271896,50.2664661714604,69.2964291221676,1,sensor_drift,2025-01-01 06:34:00,2025-01-01 15:07:00
2025-01-01 10:35:00,261.4706498698297,126.48441707368397,15.375910571369674,51.21224614531219,66.6960615269,1,sensor_drift,2025-01-01 06:34:00,2025-01-01 15:07:00
2025-01-01 10:36:00,261.538268624454,127.23523495484247,15.496996223808154,49.52556862696887,68.4014697487695,1,sensor_drift,2025-01-01 06:34:00,2025-01-01 15:07:00
2025-01-01 10:37:00,260.7900357944488,127.28797913278859,15.429366459919228,47.6424446231992,65.47852170480444,1,sensor_drift,2025-01-01 06:34:00,2025-01-01 15:07:00
2025-01-01 10:38:00,262.134893201538,125.96191364951304,15.44852931605094,50.20607328517455,65.76381121099855,1,sensor_drift,2025-01-01 06:34:00,2025-01-01 15:07:00
2025-01-01 10:39:00,262.0813082426938,126.70621784700603,15.553337214849002,48.949136858436304,67.8610439539432,1,sensor_drift,2025-01-01 06:34:00,2025-01-01 15:07:00
2025-01-01 10:40:00,260.4565963640986,127.49940869455546,15.353791471265414,49.27214319483038,68.29238668658219,1,sensor_drift,2025-01-01 06:34:00,2025-01-01 15:07:00
2025-01-01 10:41:00,262.20185769337587,127.48702703264576,15.476940256324008,50.54097993176871,65.83913188454987,1,sensor_drift,2025-01-01 06:34:00,2025-01-01 15:07:00
2025-01-01 10:42:00,263.27498914095935,126.56231219824457,15.431954376507708,50.315593418369254,67.01222313631196,1,sensor_drift,2025-01-01 06:34:00,2025-01-01 15:07:00
2025-01-01 10:43:00,261.76071213752635,127.3492954434568,15.248771252414912,49.758127033364985,65.31999653213177,1,sensor_drift,2025-01-01 06:34:00,2025-01-01 15:07:00
2025-01-01 10:44:00,261.34354879708815,127.86736472135918,15.356273601408741,49.7251729984797,66.75422383619438,1,sensor_drift,2025-01-01 06:34:00,2025-01-01 15:07:00
2025-01-01 10:45:00,261.49003422029296,127.71984243865245,15.7372169170163,50.536892329022784,67.96902653379203,1,sensor_drift,2025-01-01 06:34:00,2025-01-01 15:07:00
2025-01-01 10:46:00,262.0860333520054,127.19609016880436,15.567252951432506,50.17033669719069,66.4350367954173,1,sensor_drift,2025-01-01 06:34:00,2025-01-01 15:07:00
2025-01-01 10:47:00,260.1994455544967,126.9721237282148,15.318479987454626,49.65711699710845,66.64965023856365,1,sensor_drift,2025-01-01 06:34:00,2025-01-01 15:07:00
2025-01-01 10:48:00,261.70561452863154,126.87493579533667,15.293354898311849,50.474021674901635,65.58348031861884,1,sensor_drift,2025-01-01 06:34:00,2025-01-01 15:07:00
2025-01-01 10:49:00,261.2518146345978,127.53285261731581,15.514890119158506,51.19814750511477,66.15118664580855,1,sensor_drift,2025-01-01 06:34:00,2025-01-01 15:07:00
2025-01-01 10:50:00,263.0324948073905,127.36882688264642,15.773116959207988,50.85265780998214,69.02817192049909,1,sensor_drift,2025-01-01 06:34:00,2025-01-01 15:07:00
2025-01-01 10:51:00,261.4049112628095,127.62899634110026,15.518067971860884,49.86244447140128,66.99441208520541,1,sensor_drift,2025-01-01 06:34:00,2025-01-01 15:07:00
2025-01-01 10:52:00,262.86854031723203,127.33005354967952,15.749193601934191,52.147589086379284,65.6918388696055,1,sensor_drift,2025-01-01 06:34:00,2025-01-01 15:07:00
2025-01-01 10:53:00,260.64118505057894,127.7417490405437,15.612915365412594,48.916469374003654,66.50383175264284,1,sensor_drift,2025-01-01 06:34:00,2025-01-01 15:07:00
2025-01-01 10:54:00,261.9838994016658,127.30679388153443,15.637716357078938,51.10474202855391,64.9508402097098,1,sensor_drift,2025-01-01 06:34:00,2025-01-01 15:07:00
2025-01-01 10:55:00,261.759494295219,127.72038576475649,15.373495575630052,51.07442722268491,65.63620386055872,1,sensor_drift,2025-01-01 06:34:00,2025-01-01 15:07:00
2025-01-01 10:56:00,260.7985863366102,127.77158705176248,15.721229659583567,51.89312772645596,68.47029378388595,1,sensor_drift,2025-01-01 06:34:00,2025-01-01 15:07:00
2025-01-01 10:57:00,261.6255595909,126.7658851465278,15.537032584601352,52.39341027442337,66.65084794240299,1,sensor_drift,2025-01-01 06:34:00,2025-01-01 15:07:00
2025-01-01 10:58:00,262.4434453259348,126.1632095120732,15.723331933676306,53.031098857210885,69.07389572743577,1,sensor_drift,2025-01-01 06:34:00,2025-01-01 15:07:00
2025-01-01 10:59:00,261.2041539233186,128.17367374975368,15.478263670280489,51.50585067362355,66.67304852729093,1,sensor_drift,2025-01-01 06:34:00,2025-01-01 15:07:00
2025-01-01 11:00:00,260.0993441512793,127.40104285118365,15.633394030858344,52.805812739955506,66.7259935933009,1,sensor_drift,2025-01-01 06:34:00,2025-01-01 15:07:00
2025-01-01 11:01:00,261.4285614280512,126.21781333321614,15.666011837511897,52.585827943654614,67.51920079866979,1,sensor_drift,2025-01-01 06:34:00,2025-01-01 15:07:00
2025-01-01 11:02:00,260.71034154849264,126.81765831180489,15.596409424942433,51.001697778657395,63.52324226186327,1,sensor_drift,2025-01-01 06:34:00,2025-01-01 15:07:00
2025-01-01 11:03:00,261.14804700724284,127.70850780799438,15.686428461791564,54.385809973236654,66.95575604258596,1,sensor_drift,2025-01-01 06:34:00,2025-01-01 15:07:00
2025-01-01 11:04:00,261.3462611578499,127.07699864031943,15.59194959654163,51.514374774760874,66.6297907538569,1,sensor_drift,2025-01-01 06:34:00,2025-01-01 15:07:00
2025-01-01 11:05:00,260.03659358114464,126.93697787922396,15.540643878605358,53.32143589713918,68.44983341950493,1,sensor_drift,2025-01-01 06:34:00,2025-01-01 15:07:00
2025-01-01 11:06:00,260.0981455116789,128.08414252582753,15.884851247415028,53.43009457614774,67.80148316167735,1,sensor_drift,2025-01-01 06:34:00,2025-01-01 15:07:00
2025-01-01 11:07:00,261.7658558139549,126.61462868947575,15.807330800636704,53.46303112019436,65.25999043243554,1,sensor_drift,2025-01-01 06:34:00,2025-01-01 15:07:00
2025-01-01 11:08:00,260.95153136912745,126.76348562120677,15.541751550863129,52.906209952961575,68.08681336014723,1,sensor_drift,2025-01-01 06:34:00,2025-01-01 15:07:00
2025-01-01 11:09:00,259.30738913667255,127.36857547258272,15.74697660191186,54.23272986485516,66.25657279698092,1,sensor_drift,2025-01-01 06:34:00,2025-01-01 15:07:00
2025-01-01 11:10:00,261.97651291291515,127.47537199407759,15.556073174183144,52.22120559237167,65.460388943402,1,sensor_drift,2025-01-01 06:34:00,2025-01-01 15:07:00
2025-01-01 11:11:00,261.55596183715807,127.53825000099555,15.495474767272448,53.70404292415766,66.75592148991497,1,sensor_drift,2025-01-01 06:34:00,2025-01-01 15:07:00
2025-01-01 11:12:00,260.75637028567735,127.78652205378576,15.833889829561045,53.39393085431221,66.24902421057266,1,sensor_drift,2025-01-01 06:34:00,2025-01-01 15:07:00
2025-01-01 11:13:00,260.2633863379945,127.35825155025937,15.428783990647261,53.43031378329444,68.31074370364456,1,sensor_drift,2025-01-01 06:34:00,2025-01-01 15:07:00
2025-01-01 11:14:00,261.97485392355463,127.53205019940604,15.828948508159726,54.564511269072945,66.84486073581054,1,sensor_drift,2025-01-01 06:34:00,2025-01-01 15:07:00
2025-01-01 11:15:00,261.5750224301451,127.08220024945128,15.657474730390465,55.28737547276509,66.65372818903347,1,sensor_drift,2025-01-01 06:34:00,2025-01-01 15:07:00
2025-01-01 11:16:00,263.19093579840654,127.2746414703834,15.669056926507915,54.14792897462561,67.45783457285123,1,sensor_drift,2025-01-01 06:34:00,2025-01-01 15:07:00
2025-01-01 11:17:00,261.6102950950323,127.300830598054,15.767601446950154,55.298851963134716,67.65792528830973,1,sensor_drift,2025-01-01 06:34:00,2025-01-01 15:07:00
2025-01-01 11:18:00,261.5735756659625,127.36464769522179,15.798613573582315,54.78050839254172,67.25553076995031,1,sensor_drift,2025-01-01 06:34:00,2025-01-01 15:07:00
2025-01-01 11:19:00,261.1191189287562,127.69838274823427,15.592723546571818,54.07186611237703,67.98659360101009,1,sensor_drift,2025-01-01 06:34:00,2025-01-01 15:07:00
2025-01-01 11:20:00,261.8953097597622,127.56720785333421,15.82952257125875,54.782789501006015,66.98100007817702,1,sensor_drift,2025-01-01 06:34:00,2025-01-01 15:07:00
2025-01-01 11:21:00,261.7311651840927,127.25990396136268,15.744006614044512,54.88502581462861,66.41842124273654,1,sensor_drift,2025-01-01 06:34:00,2025-01-01 15:07:00
2025-01-01 11:22:00,262.22166564201626,126.74714342368708,15.54367988416443,54.66713884508172,67.67022247158268,1,sensor_drift,2025-01-01 06:34:00,2025-01-01 15:07:00
2025-01-01 11:23:00,260.7923970587131,127.27245916884718,15.71164494509329,55.81924745643252,66.03943908167842,1,sensor_drift,2025-01-01 06:34:00,2025-01-01 15:07:00
2025-01-01 11:24:00,260.85028081188625,127.21427549166313,15.94930811610907,55.78414236121649,66.15303446819368,1,sensor_drift,2025-01-01 06:34:00,2025-01-01 15:07:00
2025-01-01 11:25:00,260.8044577804099,127.34621741336271,15.998548956296071,54.28054950607195,68.14298477359785,1,sensor_drift,2025-01-01 06:34:00,2025-01-01 15:07:00
2025-01-01 11:26:00,261.80949784372086,128.55343871210826,15.85956000765041,54.36471735804481,67.98668882897702,1,sensor_drift,2025-01-01 06:34:00,2025-01-01 15:07:00
2025-01-01 11:27:00,262.36465528418444,126.91446788785322,15.578259958717648,56.37200403040289,65.99319391398971,1,sensor_drift,2025-01-01 06:34:00,2025-01-01 15:07:00
2025-01-01 11:28:00,260.787966211241,127.48130616387537,15.835213219130626,55.39442600634017,65.42070969926488,1,sensor_drift,2025-01-01 06:34:00,2025-01-01 15:07:00
2025-01-01 11:29:00,260.8042865994079,127.86820456603088,15.89402020582252,56.538072945870994,67.68209237566153,1,sensor_drift,2025-01-01 06:34:00,2025-01-01 15:07:00
2025-01-01 11:30:00,261.38441893241617,127.28511662900978,15.879975571826256,57.1067407328811,66.84744890444631,1,sensor_drift,2025-01-01 06:34:00,2025-01-01 15:07:00
2025-01-01 11:31:00,260.9255846148047,128.62820449434287,15.8935514792148,55.397283522975606,66.22566150945693,1,sensor_drift,2025-01-01 06:34:00,2025-01-01 15:07:00
2025-01-01 11:32:00,261.8728589829428,126.99784978347398,15.834948663516336,55.407526865078516,65.42009269617182,1,sensor_drift,2025-01-01 06:34:00,2025-01-01 15:07:00
2025-01-01 11:33:00,259.2988025522518,127.41829702703663,15.774211373820256,58.32115711814896,66.16311505623007,1,sensor_drift,2025-01-01 06:34:00,2025-01-01 15:07:00
2025-01-01 11:34:00,260.42785524507394,126.74372458748397,15.698396540049318,57.26628790512451,65.69713601738349,1,sensor_drift,2025-01-01 06:34:00,2025-01-01 15:07:00
2025-01-01 11:35:00,260.4522681819426,127.01125234604393,15.509505458797644,56.707669255347135,64.88345974937941,1,sensor_drift,2025-01-01 06:34:00,2025-01-01 15:07:00
2025-01-01 11:36:00,259.210885969697,127.37068150440713,15.849653127519257,56.3789159779797,65.7923728057955,1,sensor_drift,2025-01-01 06:34:00,2025-01-01 15:07:00
2025-01-01 11:37:00,260.28521761417744,127.72825259141483,15.831094095916773,56.893866090610075,65.91226909506449,1,sensor_drift,2025-01-01 06:34:00,2025-01-01 15:07:00
2025-01-01 11:38:00,260.3129496224446,127.4110712817147,15.891271366125995,56.414831394727834,65.09891096995254,1,sensor_drift,2025-01-01 06:34:00,2025-01-01 15:07:00
2025-01-01 11:39:00,260.8731259883653,127.97422295625934,15.611423057301344,58.41374373128568,66.58899213394145,1,sensor_drift,2025-01-01 06:34:00,2025-01-01 15:07:00
2025-01-01 11:40:00,261.9133071698141,127.16091017051355,15.913198830331321,57.05112534063801,67.00541281610406,1,sensor_drift,2025-01-01 06:34:00,2025-01-01 15:07:00
2025-01-01 11:41:00,260.81580072412066,127.01771940087711,16.12899319837938,58.8650733745761,66.57650519497389,1,sensor_drift,2025-01-01 06:34:00,2025-01-01 15:07:00
2025-01-01 11:42:00,260.1761035981502,128.83853880368724,15.836918754795411,57.65013953600047,65.03435036193623,1,sensor_drift,2025-01-01 06:34:00,2025-01-01 15:07:00
2025-01-01 11:43:00,260.9440873082016,127.45181381515371,15.820217238493417,57.20058662706983,66.22546626507739,1,sensor_drift,2025-01-01 06:34:00,2025-01-01 15:07:00
2025-01-01 11:44:00,261.8178777396178,126.78270225677319,15.880110501761322,57.88387023852499,65.36408294154545,1,sensor_drift,2025-01-01 06:34:00,2025-01-01 15:07:00
2025-01-01 11:45:00,260.18665172248893,126.79694956572652,16.142882439270355,56.032736118552755,63.73910492192896,1,sensor_drift,2025-01-01 06:34:00,2025-01-01 15:07:00
2025-01-01 11:46:00,260.227831330072,126.64701340011834,15.688736401890747,58.41170505647881,65.98017353086297,1,sensor_drift,2025-01-01 06:34:00,2025-01-01 15:07:00
2025-01-01 11:47:00,261.3919958927997,127.77367358242253,15.87699755166526,58.49212771368901,65.29858715968228,1,sensor_drift,2025-01-01 06:34:00,2025-01-01 15:07:00
2025-01-01 11:48:00,260.756786844873,126.99221351487141,15.730783433522564,59.511231293931225,68.1852558870711,1,sensor_drift,2025-01-01 06:34:00,2025-01-01 15:07:00
2025-01-01 11:49:00,261.4408565236957,127.28636280669726,15.77288079140735,57.19386816059855,66.77093610314678,1,sensor_drift,2025-01-01 06:34:00,2025-01-01 15:07:00
2025-01-01 11:50:00,260.90079889075577,127.17094326375037,15.851677653985446,60.05861669273344,65.82425329611982,1,sensor_drift,2025-01-01 06:34:00,2025-01-01 15:07:00
2025-01-01 11:51:00,261.46188981302606,127.64704498416222,16.06538596804876,59.87164832615215,65.21799463767718,1,sensor_drift,2025-01-01 06:34:00,2025-01-01 15:07:00
2025-01-01 11:52:00,260.0613344889825,126.69920228602585,16.137595269892238,60.37886117565335,65.06303424784451,1,sensor_drift,2025-01-01 06:34:00,2025-01-01 15:07:00
2025-01-01 11:53:00,260.86856335862836,126.56100291133875,15.9388164532167,59.32219053050928,63.609184089086504,1,sensor_drift,2025-01-01 06:34:00,2025-01-01 15:07:00
2025-01-01 11:54:00,260.6985096783567,127.34002075507864,15.819244967804153,60.39843368559067,62.67334266574612,1,sensor_drift,2025-01-01 06:34:00,2025-01-01 15:07:00
2025-01-01 11:55:00,259.8831765709241,127.56511278340633,16.253775984851146,58.276727212788515,63.659050370823486,1,sensor_drift,2025-01-01 06:34:00,2025-01-01 15:07:00
2025-01-01 11:56:00,259.5939320803287,127.4031504039518,15.819856237359936,60.356108499677184,64.5943387640183,1,sensor_drift,2025-01-01 06:34:00,2025-01-01 15:07:00
2025-01-01 11:57:00,261.38213680164785,126.71705175146997,15.802437896611394,59.13240201043296,62.06991983580402,1,sensor_drift,2025-01-01 06:34:00,2025-01-01 15:07:00
2025-01-01 11:58:00,260.54159730721585,127.60830724400078,15.625981665104145,58.450799469505235,63.88784453739266,1,sensor_drift,2025-01-01 06:34:00,2025-01-01 15:07:00
2025-01-01 11:59:00,259.9933556303906,126.75459171695448,16.105749004032063,59.03444339805781,64.18786079164806,1,sensor_drift,2025-01-01 06:34:00,2025-01-01 15:07:00
2025-01-01 12:00:00,260.7230568504613,126.88707681312817,16.045682908654555,60.158719522667866,64.16995848009225,1,sensor_drift,2025-01-01 06:34:00,2025-01-01 15:07:00
2025-01-01 12:01:00,261.691235230171,126.63271961195493,16.267227701369837,59.51787396441579,63.57739030764887,1,sensor_drift,2025-01-01 06:34:00,2025-01-01 15:07:00
2025-01-01 12:02:00,258.9530505107122,127.97887867044528,15.700240514974048,60.702609015501196,63.90415094971666,1,sensor_drift,2025-01-01 06:34:00,2025-01-01 15:07:00
2025-01-01 12:03:00,259.5691514746493,127.57732893568804,16.131509476954232,58.83949465276295,66.32467594706932,1,sensor_drift,2025-01-01 06:34:00,2025-01-01 15:07:00
2025-01-01 12:04:00,260.01697640786006,127.55936500931412,15.927423057793275,58.653621005030175,64.99214679872729,1,sensor_drift,2025-01-01 06:34:00,2025-01-01 15:07:00
2025-01-01 12:05:00,261.91305378316883,127.94378964009907,16.04194201726237,61.90256175761431,63.466320325156,1,sensor_drift,2025-01-01 06:34:00,2025-01-01 15:07:00
2025-01-01 12:06:00,260.9590078964882,128.88214717817354,15.677991392174375,61.578511107025385,63.997318854856026,1,sensor_drift,2025-01-01 06:34:00,2025-01-01 15:07:00
2025-01-01 12:07:00,261.33562271311,126.16811805462935,16.149509281474824,59.91664565935726,63.98556779637991,1,sensor_drift,2025-01-01 06:34:00,2025-01-01 15:07:00
2025-01-01 12:08:00,259.798474284484,126.74972530971748,16.051422972508565,60.95244963239243,63.03776408867299,1,sensor_drift,2025-01-01 06:34:00,2025-01-01 15:07:00
2025-01-01 12:09:00,259.80381240522917,126.82214541009762,15.931768152573065,61.96502816936424,62.97568697484141,1,sensor_drift,2025-01-01 06:34:00,2025-01-01 15:07:00
2025-01-01 12:10:00,261.0465346491862,126.68045975815704,16.03854284257915,61.51523274781365,65.05017715733439,1,sensor_drift,2025-01-01 06:34:00,2025-01-01 15:07:00
2025-01-01 12:11:00,260.7237506936203,126.54350473013442,15.831136344907286,61.35996369238637,63.27229134631051,1,sensor_drift,2025-01-01 06:34:00,2025-01-01 15:07:00
2025-01-01 12:12:00,261.10497531763366,127.00936827095943,15.863244079893253,62.298915613092525,62.40046711675546,1,sensor_drift,2025-01-01 06:34:00,2025-01-01 15:07:00
2025-01-01 12:13:00,260.50470648187695,126.45830580191792,15.88485893589774,60.74042666100607,63.5999972569469,1,sensor_drift,2025-01-01 06:34:00,2025-01-01 15:07:00
2025-01-01 12:14:00,260.8662237439546,127.3884040716853,15.680699394198447,61.508970527802944,63.73063980496554,1,sensor_drift,2025-01-01 06:34:00,2025-01-01 15:07:00
2025-01-01 12:15:00,260.7590764925432,127.2175111697818,16.09212402816442,61.54571403691439,61.1586518861824,1,sensor_drift,2025-01-01 06:34:00,2025-01-01 15:07:00
2025-01-01 12:16:00,261.24367506880316,127.47422601449787,16.145871033376636,61.395161074759656,63.4134835255044,1,sensor_drift,2025-01-01 06:34:00,2025-01-01 15:07:00
2025-01-01 12:17:00,261.25595568438314,127.48936584549446,15.866223480758745,61.366668258290474,64.44005758688114,1,sensor_drift,2025-01-01 06:34:00,2025-01-01 15:07:00
2025-01-01 12:18:00,259.30334783011955,127.54565637273639,16.027971356810717,61.857874720012134,63.87568675725561,1,sensor_drift,2025-01-01 06:34:00,2025-01-01 15:07:00
2025-01-01 12:19:00,258.79033591065405,126.95893411912516,15.940249634217075,61.8959911414114,65.94532982796602,1,sensor_drift,2025-01-01 06:34:00,2025-01-01 15:07:00
2025-01-01 12:20:00,261.37846186163523,128.45479668471106,16.033686906975813,60.99207945286757,64.70591271779016,1,sensor_drift,2025-01-01 06:34:00,2025-01-01 15:07:00
2025-01-01 12:21:00,261.5161703626291,127.32190462323075,15.894700942120787,62.72580791564071,64.87795639954388,1,sensor_drift,2025-01-01 06:34:00,2025-01-01 15:07:00
2025-01-01 12:22:00,259.73842706926797,126.06289476712458,15.860743376482304,61.191838630710855,66.43364867121116,1,sensor_drift,2025-01-01 06:34:00,2025-01-01 15:07:00
2025-01-01 12:23:00,259.05600330509105,126.57810439851006,16.155517203132337,61.93841516979612,63.917305991609524,1,sensor_drift,2025-01-01 06:34:00,2025-01-01 15:07:00
2025-01-01 12:24:00,260.61205707719984,126.13437704841417,15.99260468931679,61.93113945973482,63.13684584807259,1,sensor_drift,2025-01-01 06:34:00,2025-01-01 15:07:00
2025-01-01 12:25:00,261.2664693319686,127.18823359036088,16.310012695652873,62.579059508884384,64.04297054023112,1,sensor_drift,2025-01-01 06:34:00,2025-01-01 15:07:00
2025-01-01 12:26:00,261.94885633534,127.10390883114823,16.018186969881924,60.40723660230378,62.13640383823532,1,sensor_drift,2025-01-01 06:34:00,2025-01-01 15:07:00
2025-01-01 12:27:00,260.91281367293413,126.89510108761574,15.87690720890031,63.17168482666448,62.86940863925079,1,sensor_drift,2025-01-01 06:34:00,2025-01-01 15:07:00
2025-01-01 12:28:00,260.19141058230053,128.38188230892743,16.204474069433903,61.813765592530586,61.8953088895399,1,sensor_drift,2025-01-01 06:34:00,2025-01-01 15:07:00
2025-01-01 12:29:00,259.76330168791714,127.50389230160657,16.119703828308012,63.5719536477923,63.08226745694611,1,sensor_drift,2025-01-01 06:34:00,2025-01-01 15:07:00
2025-01-01 12:30:00,260.4760038800162,127.60934353631768,16.138803694823736,62.092291378794194,61.754213375712936,1,sensor_drift,2025-01-01 06:34:00,2025-01-01 15:07:00
2025-01-01 12:31:00,260.2164826552495,126.61422858155044,16.21309117118427,62.52504224310409,61.64373021869047,1,sensor_drift,2025-01-01 06:34:00,2025-01-01 15:07:00
2025-01-01 12:32:00,259.63290706965654,126.57258031280122,15.941350511758607,64.33546497456183,62.89548185855612,1,sensor_drift,2025-01-01 06:34:00,2025-01-01 15:07:00
2025-01-01 12:33:00,262.0730487887435,127.19335174448022,16.024992661307024,62.40519020774592,62.16506655439013,1,sensor_drift,2025-01-01 06:34:00,2025-01-01 15:07:00
2025-01-01 12:34:00,261.85127825488007,127.27428075596731,16.02321692586544,63.80916482443882,59.948045751084614,1,sensor_drift,2025-01-01 06:34:00,2025-01-01 15:07:00
2025-01-01 12:35:00,261.32109862970486,126.05590459425653,15.860220422501161,62.76640210997976,60.444905687060505,1,sensor_drift,2025-01-01 06:34:00,2025-01-01 15:07:00
2025-01-01 12:36:00,259.66471289151133,127.06072962368971,16.019237353298752,63.1398450678174,60.745116750786465,1,sensor_drift,2025-01-01 06:34:00,2025-01-01 15:07:00
2025-01-01 12:37:00,261.07456006581486,127.17658683571455,16.26422294064899,62.86127184948494,60.99230011782108,1,sensor_drift,2025-01-01 06:34:00,2025-01-01 15:07:00
2025-01-01 12:38:00,260.89141549243425,127.03829148588562,16.104404752072163,63.5913411406447,62.47897925487608,1,sensor_drift,2025-01-01 06:34:00,2025-01-01 15:07:00
2025-01-01 12:39:00,260.7229394762691,126.67859199296943,15.871981907080244,62.238877215065926,62.17398541774653,1,sensor_drift,2025-01-01 06:34:00,2025-01-01 15:07:00
2025-01-01 12:40:00,261.35784314763345,126.84215844667999,15.84565249790174,61.995400015838044,63.11897199799298,1,sensor_drift,2025-01-01 06:34:00,2025-01-01 15:07:00
2025-01-01 12:41:00,260.855635641446,127.05902562017172,16.333933525313807,62.32911249288532,62.673175043615494,1,sensor_drift,2025-01-01 06:34:00,2025-01-01 15:07:00
2025-01-01 12:42:00,260.9285982360906,127.21889120043566,16.075910536276275,63.01395019707736,62.98507842771233,1,sensor_drift,2025-01-01 06:34:00,2025-01-01 15:07:00
2025-01-01 12:43:00,260.83538081064535,127.5265648595085,15.997641844735817,62.7434399541604,62.357666042249555,1,sensor_drift,2025-01-01 06:34:00,2025-01-01 15:07:00
2025-01-01 12:44:00,260.5877791541424,127.81149123452916,16.059004457893177,63.59697098874027,61.80782303196194,1,sensor_drift,2025-01-01 06:34:00,2025-01-01 15:07:00
2025-01-01 12:45:00,258.8775691641319,126.98566556084334,15.883912899173698,64.14510486881936,62.80387654462204,1,sensor_drift,2025-01-01 06:34:00,2025-01-01 15:07:00
2025-01-01 12:46:00,260.36068925542526,126.8878864462878,16.324436290901218,62.10328657752209,62.516233587698274,1,sensor_drift,2025-01-01 06:34:00,2025-01-01 15:07:00
2025-01-01 12:47:00,259.8381959260796,127.42348902627013,16.057535264465443,62.329250655902456,61.79238151780812,1,sensor_drift,2025-01-01 06:34:00,2025-01-01 15:07:00
2025-01-01 12:48:00,259.2486570889815,127.52672772280211,16.327183955407286,61.70301880732433,62.79433509779125,1,sensor_drift,2025-01-01 06:34:00,2025-01-01 15:07:00
2025-01-01 12:49:00,261.607387262502,126.89903555965356,16.135462432943022,64.8263641432817,58.38194557226318,1,sensor_drift,2025-01-01 06:34:00,2025-01-01 15:07:00
2025-01-01 12:50:00,261.63455858908,127.63313705133444,16.34784693339467,63.27418858704607,60.776047012170196,1,sensor_drift,2025-01-01 06:34:00,2025-01-01 15:07:00
2025-01-01 12:51:00,261.3281918701075,127.74600761713982,16.177686358381514,63.43032883887604,60.68524229485569,1,sensor_drift,2025-01-01 06:34:00,2025-01-01 15:07:00
2025-01-01 12:52:00,260.4344644074215,127.93263424353555,16.272995776407726,61.788403494655284,62.36288295453047,1,sensor_drift,2025-01-01 06:34:00,2025-01-01 15:07:00
2025-01-01 12:53:00,261.3002977512277,128.22399156672586,16.258768225828483,62.98718711155417,62.79270271466558,1,sensor_drift,2025-01-01 06:34:00,2025-01-01 15:07:00
2025-01-01 12:54:00,260.218970361346,126.63653690716457,16.250357059539585,63.437779052790475,59.09407922492415,1,sensor_drift,2025-01-01 06:34:00,2025-01-01 15:07:00
2025-01-01 12:55:00,260.3611224675612,127.16412419478407,16.215079469613578,62.7407590909403,62.45486933921722,1,sensor_drift,2025-01-01 06:34:00,2025-01-01 15:07:00
2025-01-01 12:56:00,259.3136915300324,127.16196187897204,16.13405537435988,63.92273401696516,59.28282526444095,1,sensor_drift,2025-01-01 06:34:00,2025-01-01 15:07:00
2025-01-01 12:57:00,260.4956732854251,127.095772626308,16.46246066050501,65.01918186200055,59.24611644212668,1,sensor_drift,2025-01-01 06:34:00,2025-01-01 15:07:00
2025-01-01 12:58:00,260.21602871841293,126.76449223809782,16.045337169404522,62.067694044525375,60.26137963842724,1,sensor_drift,2025-01-01 06:34:00,2025-01-01 15:07:00
2025-01-01 12:59:00,259.11526661729926,126.26215792754755,16.188326891527943,61.97927628338619,60.08756296537764,1,sensor_drift,2025-01-01 06:34:00,2025-01-01 15:07:00
2025-01-01 13:00:00,260.1061280399316,127.20856005486111,16.196288392147004,62.08587240257043,58.52614677081664,1,sensor_drift,2025-01-01 06:34:00,2025-01-01 15:07:00
2025-01-01 13:01:00,260.0730290621667,126.69140856812632,16.260869085020843,64.29573110126518,61.10289439620371,1,sensor_drift,2025-01-01 06:34:00,2025-01-01 15:07:00
2025-01-01 13:02:00,261.5646186768462,127.20350014825294,16.142603177078872,63.760179405979414,61.065081634153174,1,sensor_drift,2025-01-01 06:34:00,2025-01-01 15:07:00
2025-01-01 13:03:00,260.8317279636203,126.67497275031799,16.260831695243766,62.66960967290632,61.44137914310116,1,sensor_drift,2025-01-01 06:34:00,2025-01-01 15:07:00
2025-01-01 13:04:00,260.1153322163712,126.49111160295091,16.194964530496172,62.79164010296818,59.5830939767757,1,sensor_drift,2025-01-01 06:34:00,2025-01-01 15:07:00
2025-01-01 13:05:00,260.2950557636549,127.29100648114866,15.989745609956298,61.98863545124761,59.98244093787632,1,sensor_drift,2025-01-01 06:34:00,2025-01-01 15:07:00
2025-01-01 13:06:00,260.12127783425984,127.2405145543241,16.235296194134193,63.486984806163186,59.920124138014344,1,sensor_drift,2025-01-01 06:34:00,2025-01-01 15:07:00
2025-01-01 13:07:00,259.913491203359,127.49707851245734,16.075681589853403,62.304143153883786,61.9089325609845,1,sensor_drift,2025-01-01 06:34:00,2025-01-01 15:07:00
2025-01-01 13:08:00,259.199828013753,128.46058899804373,15.9875906063068,62.36975127909941,56.40895838068683,1,sensor_drift,2025-01-01 06:34:00,2025-01-01 15:07:00
2025-01-01 13:09:00,259.934909048061,127.31501978128757,16.275341445619592,63.10718013073067,58.5884538196097,1,sensor_drift,2025-01-01 06:34:00,2025-01-01 15:07:00
2025-01-01 13:10:00,259.4488865976524,127.4392845614778,16.335135661669142,62.34322043715673,59.670199832564094,1,sensor_drift,2025-01-01 06:34:00,2025-01-01 15:07:00
2025-01-01 13:11:00,259.0355617746934,126.50130245510958,16.348182141738313,62.25180467770897,58.28766721757655,1,sensor_drift,2025-01-01 06:34:00,2025-01-01 15:07:00
2025-01-01 13:12:00,260.4348754853883,126.37531304974081,16.361559690961563,62.421376561677945,59.20721267158541,1,sensor_drift,2025-01-01 06:34:00,2025-01-01 15:07:00
2025-01-01 13:13:00,260.32902888904414,128.09678815185464,15.993985553791795,63.07400582994617,59.29280500228112,1,sensor_drift,2025-01-01 06:34:00,2025-01-01 15:07:00
2025-01-01 13:14:00,258.57680605247504,126.59265049102729,16.08719514616688,63.78411543157546,58.581831822165206,1,sensor_drift,2025-01-01 06:34:00,2025-01-01 15:07:00
2025-01-01 13:15:00,259.8982154981849,126.52003489386091,16.59493440516305,62.77107063608165,59.3754463417206,1,sensor_drift,2025-01-01 06:34:00,2025-01-01 15:07:00
2025-01-01 13:16:00,260.78315218197696,127.12262026112717,16.14946886074003,62.90677055864665,59.97896821442779,1,sensor_drift,2025-01-01 06:34:00,2025-01-01 15:07:00
2025-01-01 13:17:00,260.82423511954033,127.0916579388166,16.405906535663274,61.94138558047661,58.86885976455082,1,sensor_drift,2025-01-01 06:34:00,2025-01-01 15:07:00
2025-01-01 13:18:00,260.7878283189056,126.6039789480496,16.21905689064914,61.41953343547307,58.535829186434945,1,sensor_drift,2025-01-01 06:34:00,2025-01-01 15:07:00
2025-01-01 13:19:00,259.9886302575012,126.96222427376381,16.34195325499705,62.5782869033448,58.80812926116005,1,sensor_drift,2025-01-01 06:34:00,2025-01-01 15:07:00
2025-01-01 13:20:00,259.2718428776707,127.88257507227588,16.2430073768924,62.074834688366195,58.925616727585584,1,sensor_drift,2025-01-01 06:34:00,2025-01-01 15:07:00
2025-01-01 13:21:00,259.07133859564857,126.6611111920072,16.430308876949688,60.56926269651448,56.77376688723257,1,sensor_drift,2025-01-01 06:34:00,2025-01-01 15:07:00
2025-01-01 13:22:00,260.2044396362435,126.30827805623161,16.37476571649706,61.48118989028081,59.343749867295806,1,sensor_drift,2025-01-01 06:34:00,2025-01-01 15:07:00
2025-01-01 13:23:00,260.22267779950585,127.70982857754558,16.295268376468588,61.62660512811293,58.17655119324283,1,sensor_drift,2025-01-01 06:34:00,2025-01-01 15:07:00
2025-01-01 13:24:00,260.93965719201225,127.43945827329958,16.213339251024237,61.164519012575035,60.15960287405847,1,sensor_drift,2025-01-01 06:34:00,2025-01-01 15:07:00
2025-01-01 13:25:00,260.7803554905715,126.77159373190155,16.419476026689942,62.878194058064565,59.2831815783533,1,sensor_drift,2025-01-01 06:34:00,2025-01-01 15:07:00
2025-01-01 13:26:00,259.78520971442924,126.19444672351311,16.20593911001569,61.89519452795116,59.90631010196978,1,sensor_drift,2025-01-01 06:34:00,2025-01-01 15:07:00
2025-01-01 13:27:00,258.8862906718523,126.69683239236228,16.460598911001387,62.61593539681004,57.21750312108528,1,sensor_drift,2025-01-01 06:34:00,2025-01-01 15:07:00
2025-01-01 13:28:00,259.6170751618958,127.11066085435066,16.7991726792446,61.531955848613215,57.913693051343145,1,sensor_drift,2025-01-01 06:34:00,2025-01-01 15:07:00
2025-01-01 13:29:00,260.03689325173383,127.8427817105492,16.616542557570902,61.2809998289948,56.7972360980351,1,sensor_drift,2025-01-01 06:34:00,2025-01-01 15:07:00
2025-01-01 13:30:00,259.6922328094979,126.52134223416549,16.53068079799461,60.2757994624267,57.37097381414918,1,sensor_drift,2025-01-01 06:34:00,2025-01-01 15:07:00
2025-01-01 13:31:00,259.38241894371697,127.09251066700106,16.419094066579245,61.038596973500994,59.648942259907365,1,sensor_drift,2025-01-01 06:34:00,2025-01-01 15:07:00
2025-01-01 13:32:00,260.0379210810403,127.54825897471376,16.150224301511038,60.946895677411064,59.8608201960377,1,sensor_drift,2025-01-01 06:34:00,2025-01-01 15:07:00
2025-01-01 13:33:00,259.42337066856595,125.71437995496618,16.251892249017686,59.61022349603622,56.62769830755816,1,sensor_drift,2025-01-01 06:34:00,2025-01-01 15:07:00
2025-01-01 13:34:00,259.3150527194682,127.76339902845022,16.65194860221262,60.25875100498105,57.38537054211365,1,sensor_drift,2025-01-01 06:34:00,2025-01-01 15:07:00
2025-01-01 13:35:00,260.0576821282903,126.4336629320293,16.350457637233056,60.355321347953854,57.77394083764802,1,sensor_drift,2025-01-01 06:34:00,2025-01-01 15:07:00
2025-01-01 13:36:00,259.47798607744187,127.34235568838466,16.37352196094345,60.91863732484207,58.49840839984651,1,sensor_drift,2025-01-01 06:34:00,2025-01-01 15:07:00
2025-01-01 13:37:00,259.98597039550185,127.29121275823275,16.46314870591455,60.860261365175226,55.61445702737872,1,sensor_drift,2025-01-01 06:34:00,2025-01-01 15:07:00
2025-01-01 13:38:00,260.00040376234426,127.7940187282377,16.338374022689884,59.81874154597611,55.73342630431165,1,sensor_drift,2025-01-01 06:34:00,2025-01-01 15:07:00
2025-01-01 13:39:00,258.8614983739022,127.47390528469255,16.323448908879165,60.65916553431721,58.175631766773854,1,sensor_drift,2025-01-01 06:34:00,2025-01-01 15:07:00
2025-01-01 13:40:00,259.3792975304635,125.71708005061026,16.50977531273976,59.96697127125794,55.1805525975713,1,sensor_drift,2025-01-01 06:34:00,2025-01-01 15:07:00
2025-01-01 13:41:00,260.9058091125244,126.67271060195276,16.393598513901868,57.44028079667374,56.91483250491861,1,sensor_drift,2025-01-01 06:34:00,2025-01-01 15:07:00
2025-01-01 13:42:00,258.8172698089628,127.22664533559123,16.426256297217606,59.4772734658358,57.57736960230618,1,sensor_drift,2025-01-01 06:34:00,2025-01-01 15:07:00
2025-01-01 13:43:00,258.04500489639713,127.02689892481709,16.4304115486922,60.77366484495841,57.8138156346614,1,sensor_drift,2025-01-01 06:34:00,2025-01-01 15:07:00
2025-01-01 13:44:00,258.24029699667153,127.43063857088137,16.636225625050564,58.176556751213894,57.077406233496156,1,sensor_drift,2025-01-01 06:34:00,2025-01-01 15:07:00
2025-01-01 13:45:00,259.74455581594736,127.61789820785432,16.53343469009575,59.677782201049936,56.7413132088565,1,sensor_drift,2025-01-01 06:34:00,2025-01-01 15:07:00
2025-01-01 13:46:00,259.7375469437673,127.50957650908329,16.551950530685854,60.88787939831493,58.12676884745169,1,sensor_drift,2025-01-01 06:34:00,2025-01-01 15:07:00
2025-01-01 13:47:00,259.6103206694353,127.01618893187373,16.678862078066107,58.66001792493941,57.38891003246913,1,sensor_drift,2025-01-01 06:34:00,2025-01-01 15:07:00
2025-01-01 13:48:00,260.6674088647055,126.03722154397884,16.578699441808915,59.22860563415277,56.20394594621858,1,sensor_drift,2025-01-01 06:34:00,2025-01-01 15:07:00
2025-01-01 13:49:00,257.54948896281593,126.87202646289472,16.569054048536877,57.933871224309776,56.959667477217195,1,sensor_drift,2025-01-01 06:34:00,2025-01-01 15:07:00
2025-01-01 13:50:00,259.99625542013445,127.39544935579579,16.69224814090481,60.4515570973774,57.30857530783555,1,sensor_drift,2025-01-01 06:34:00,2025-01-01 15:07:00
2025-01-01 13:51:00,260.92046343949215,126.49169534765693,16.732900665250572,58.79039842587841,58.84537521744797,1,sensor_drift,2025-01-01 06:34:00,2025-01-01 15:07:00
2025-01-01 13:52:00,258.7609460113713,127.52508593110822,16.621702459238943,58.7845332313733,57.66214970322482,1,sensor_drift,2025-01-01 06:34:00,2025-01-01 15:07:00
2025-01-01 13:53:00,259.351236787459,127.69173681039828,16.667049389680795,59.837470751702426,58.11146014872002,1,sensor_drift,2025-01-01 06:34:00,2025-01-01 15:07:00
2025-01-01 13:54:00,259.0447339046595,127.2232232851285,16.548986803678954,59.088859887101435,55.857060593807994,1,sensor_drift,2025-01-01 06:34:00,2025-01-01 15:07:00
2025-01-01 13:55:00,258.9235905496216,125.30926015791408,16.548552486457304,57.5793283089695,55.89694149766808,1,sensor_drift,2025-01-01 06:34:00,2025-01-01 15:07:00
2025-01-01 13:56:00,259.3701326745035,126.38112293175708,16.804529259813737,57.65768313194972,56.18005747713185,1,sensor_drift,2025-01-01 06:34:00,2025-01-01 15:07:00
2025-01-01 13:57:00,260.76526077796586,128.28016039139126,16.767503301505037,58.55752352667007,56.22716670113703,1,sensor_drift,2025-01-01 06:34:00,2025-01-01 15:07:00
2025-01-01 13:58:00,261.0853679797692,126.8210184239243,16.780764343141243,57.4212805206674,55.127159176791594,1,sensor_drift,2025-01-01 06:34:00,2025-01-01 15:07:00
2025-01-01 13:59:00,259.3389495979166,125.95897280693458,16.766408086624832,55.94746595945103,57.79364643942843,1,sensor_drift,2025-01-01 06:34:00,2025-01-01 15:07:00
2025-01-01 14:00:00,261.1240481712516,127.89114843298617,16.743123580728966,57.674194644869445,57.27269355447274,1,sensor_drift,2025-01-01 06:34:00,2025-01-01 15:07:00
2025-01-01 14:01:00,259.62081731931454,127.15857841231238,16.85267083493205,56.25821721042637,55.784418980441906,1,sensor_drift,2025-01-01 06:34:00,2025-01-01 15:07:00
2025-01-01 14:02:00,260.98772264359667,127.81411838597288,16.900594125517436,58.912570361885074,56.86026807839932,1,sensor_drift,2025-01-01 06:34:00,2025-01-01 15:07:00
2025-01-01 14:03:00,259.5026025638149,127.31794248993899,16.909233543879836,57.48378513064087,56.297105932717955,1,sensor_drift,2025-01-01 06:34:00,2025-01-01 15:07:00
2025-01-01 14:04:00,259.6746178113766,127.42754029445217,16.769756915097343,56.37607005965373,56.83326754791004,1,sensor_drift,2025-01-01 06:34:00,2025-01-01 15:07:00
2025-01-01 14:05:00,259.8547400291511,127.37087240322741,17.005349437381465,56.42734247474336,54.29659444883969,1,sensor_drift,2025-01-01 06:34:00,2025-01-01 15:07:00
2025-01-01 14:06:00,262.0980915551983,127.57224657536273,16.844099142354587,55.2204115445437,55.67570727609173,1,sensor_drift,2025-01-01 06:34:00,2025-01-01 15:07:00
2025-01-01 14:07:00,260.2287449179646,128.52092346000398,16.917318471171004,55.79552628579935,55.72204693667366,1,sensor_drift,2025-01-01 06:34:00,2025-01-01 15:07:00
2025-01-01 14:08:00,258.9746727906396,127.7378056409925,16.877509603731514,57.56336173537962,56.48171778419376,1,sensor_drift,2025-01-01 06:34:00,2025-01-01 15:07:00
2025-01-01 14:09:00,260.308511200727,126.20776011950365,16.885084047773233,58.52040505211445,54.92134412429363,1,sensor_drift,2025-01-01 06:34:00,2025-01-01 15:07:00
2025-01-01 14:10:00,259.23673632025157,127.42474788830027,16.750608958958043,57.02822054295861,52.618148591395965,1,sensor_drift,2025-01-01 06:34:00,2025-01-01 15:07:00
2025-01-01 14:11:00,259.12735302547105,127.84245228244195,16.979215026476115,56.15387288127687,54.263102542160176,1,sensor_drift,2025-01-01 06:34:00,2025-01-01 15:07:00
2025-01-01 14:12:00,260.2390468778235,127.8800228963841,17.313948946191573,55.709818498702056,55.431448134390216,1,sensor_drift,2025-01-01 06:34:00,2025-01-01 15:07:00
2025-01-01 14:13:00,259.53010909309745,126.90330393636476,16.844179453155466,55.09927183662651,55.52542326138638,1,sensor_drift,2025-01-01 06:34:00,2025-01-01 15:07:00
2025-01-01 14:14:00,259.7212388197371,127.85912420383274,16.92439317108051,57.675151049040984,57.41381550598501,1,sensor_drift,2025-01-01 06:34:00,2025-01-01 15:07:00
2025-01-01 14:15:00,259.5027667793746,127.71771985718172,16.86025950890743,55.51248138400468,56.037674230297746,1,sensor_drift,2025-01-01 06:34:00,2025-01-01 15:07:00
2025-01-01 14:16:00,259.75410908045984,128.70552820350497,16.867534479623195,57.44720768677747,55.38178677858781,1,sensor_drift,2025-01-01 06:34:00,2025-01-01 15:07:00
2025-01-01 14:17:00,259.8181431517785,126.71298663901324,17.18605261320678,56.657928576447546,55.19117002135322,1,sensor_drift,2025-01-01 06:34:00,2025-01-01 15:07:00
2025-01-01 14:18:00,257.92198903228666,126.85954406184767,16.867187537392677,53.69754141814676,56.501671801991016,1,sensor_drift,2025-01-01 06:34:00,2025-01-01 15:07:00
2025-01-01 14:19:00,259.99827755930977,126.98133666443327,16.91086908395771,54.5253177431254,54.415660325185435,1,sensor_drift,2025-01-01 06:34:00,2025-01-01 15:07:00
2025-01-01 14:20:00,258.6729258460295,126.87192561909912,16.757804839949898,54.3829130033206,54.903128177934526,1,sensor_drift,2025-01-01 06:34:00,2025-01-01 15:07:00
2025-01-01 14:21:00,258.2982895513291,126.63312457504875,16.896333917225824,54.773575155963776,53.712575303500174,1,sensor_drift,2025-01-01 06:34:00,2025-01-01 15:07:00
2025-01-01 14:22:00,259.3990532706474,125.51063730731842,16.767861551411748,54.65158440586099,56.67113477820095,1,sensor_drift,2025-01-01 06:34:00,2025-01-01 15:07:00
2025-01-01 14:23:00,259.506686808827,126.90855615167253,17.133136672979457,57.26300236521608,55.38876048269888,1,sensor_drift,2025-01-01 06:34:00,2025-01-01 15:07:00
2025-01-01 14:24:00,258.8784835545873,127.39215170508876,17.4726631667668,53.45753412069052,54.01860536631738,1,sensor_drift,2025-01-01 06:34:00,2025-01-01 15:07:00
2025-01-01 14:25:00,260.0919675959529,126.87579277178752,17.012147155019967,54.493938707583524,54.680721694208124,1,sensor_drift,2025-01-01 06:34:00,2025-01-01 15:07:00
2025-01-01 14:26:00,258.3473231463952,128.3341717432391,16.831673025657082,54.70376621446079,55.38065126477666,1,sensor_drift,2025-01-01 06:34:00,2025-01-01 15:07:00
2025-01-01 14:27:00,259.08949739755803,127.18221398620288,17.23132131686821,54.00879717346001,54.41978392638489,1,sensor_drift,2025-01-01 06:34:00,2025-01-01 15:07:00
2025-01-01 14:28:00,258.9412105531413,127.95007987523036,17.002013727515713,53.97097872774797,54.03143708890983,1,sensor_drift,2025-01-01 06:34:00,2025-01-01 15:07:00
2025-01-01 14:29:00,259.36596625547116,127.33361727753075,17.32078159360975,52.793436088843336,53.84041281240794,1,sensor_drift,2025-01-01 06:34:00,2025-01-01 15:07:00
2025-01-01 14:30:00,259.6205228536655,127.67394081341415,17.098497767570926,53.69193526255958,54.98562428527084,1,sensor_drift,2025-01-01 06:34:00,2025-01-01 15:07:00
2025-01-01 14:31:00,258.5853819600945,127.34700173227402,17.061047323290747,53.919118019916326,54.10312812971544,1,sensor_drift,2025-01-01 06:34:00,2025-01-01 15:07:00
2025-01-01 14:32:00,259.96545729001105,128.002117090828,17.144238053291406,53.616930131646946,53.94280678246807,1,sensor_drift,2025-01-01 06:34:00,2025-01-01 15:07:00
2025-01-01 14:33:00,259.4308381988087,127.21582873680487,17.299804129580515,53.69901220952767,52.83916928544783,1,sensor_drift,2025-01-01 06:34:00,2025-01-01 15:07:00
2025-01-01 14:34:00,257.8613551775248,127.48138583325922,17.16732381300819,54.321472910114316,54.491348859387976,1,sensor_drift,2025-01-01 06:34:00,2025-01-01 15:07:00
2025-01-01 14:35:00,257.802586014578,127.40499107972988,17.142320286389097,53.75828404136984,54.13706311971753,1,sensor_drift,2025-01-01 06:34:00,2025-01-01 15:07:00
2025-01-01 14:36:00,259.35422221935755,127.01372774749902,17.20248854026423,52.84470276678634,53.925523395877406,1,sensor_drift,2025-01-01 06:34:00,2025-01-01 15:07:00
2025-01-01 14:37:00,259.18199417439575,127.43122606994852,17.05711089356744,51.592154628678436,54.507620203187656,1,sensor_drift,2025-01-01 06:34:00,2025-01-01 15:07:00
2025-01-01 14:38:00,259.2707945874737,128.53043619702422,17.32311078496363,51.973648755530206,55.1249205397096,1,sensor_drift,2025-01-01 06:34:00,2025-01-01 15:07:00
2025-01-01 14:39:00,259.3259800228923,127.02916432979129,17.01130427739261,52.18365918867016,55.02805186463317,1,sensor_drift,2025-01-01 06:34:00,2025-01-01 15:07:00
2025-01-01 14:40:00,259.5237222134889,127.4447099114956,17.228541968783855,52.4769098693236,54.80894052487612,1,sensor_drift,2025-01-01 06:34:00,2025-01-01 15:07:00
2025-01-01 14:41:00,260.09637581002085,127.94935742141425,17.4250039221294,51.68860826946907,53.816997008585275,1,sensor_drift,2025-01-01 06:34:00,2025-01-01 15:07:00
2025-01-01 14:42:00,258.4444277892849,127.88053184774111,17.372577690029424,51.14713455694059,53.38618472427472,1,sensor_drift,2025-01-01 06:34:00,2025-01-01 15:07:00
2025-01-01 14:43:00,258.39086421090303,127.20513046947482,17.431780497623866,50.79101938746628,52.77531600834083,1,sensor_drift,2025-01-01 06:34:00,2025-01-01 15:07:00
2025-01-01 14:44:00,258.44898673974706,125.76981920574931,17.349674471519528,50.24639834911258,53.278313915123356,1,sensor_drift,2025-01-01 06:34:00,2025-01-01 15:07:00
2025-01-01 14:45:00,259.55005844313456,127.5116571534389,17.55117838145722,51.39405814829884,53.976427837165595,1,sensor_drift,2025-01-01 06:34:00,2025-01-01 15:07:00
2025-01-01 14:46:00,260.31023761362275,125.87176532428683,17.530791946529497,50.1569043266513,52.972713514483786,1,sensor_drift,2025-01-01 06:34:00,2025-01-01 15:07:00
2025-01-01 14:47:00,258.9646384534034,128.08725817356265,17.475463556223694,50.45429189855217,53.995601715865554,1,sensor_drift,2025-01-01 06:34:00,2025-01-01 15:07:00
2025-01-01 14:48:00,257.3038564865191,127.3088578068188,17.56421356715193,50.87652549240207,52.68653251432084,1,sensor_drift,2025-01-01 06:34:00,2025-01-01 15:07:00
2025-01-01 14:49:00,257.9376048653037,127.80888739333652,17.55426770122208,49.906131825764106,51.81731259617687,1,sensor_drift,2025-01-01 06:34:00,2025-01-01 15:07:00
2025-01-01 14:50:00,258.6300293760693,126.66975779805223,17.392489482995725,51.32884000169258,54.75989129130363,1,sensor_drift,2025-01-01 06:34:00,2025-01-01 15:07:00
2025-01-01 14:51:00,258.84601241680616,126.2814936521876,17.273610577386666,51.533091796590845,53.17408998061604,1,sensor_drift,2025-01-01 06:34:00,2025-01-01 15:07:00
2025-01-01 14:52:00,258.96129893782125,127.37145673032845,17.55511687316734,50.2534937138776,52.706416768042345,1,sensor_drift,2025-01-01 06:34:00,2025-01-01 15:07:00
2025-01-01 14:53:00,259.3147669564266,127.19688046021042,17.590922975042083,50.237035654238,52.36639991459554,1,sensor_drift,2025-01-01 06:34:00,2025-01-01 15:07:00
2025-01-01 14:54:00,259.0304754811795,126.9241890650713,17.689606467468526,50.99776025822698,54.15551215314391,1,sensor_drift,2025-01-01 06:34:00,2025-01-01 15:07:00
2025-01-01 14:55:00,260.1153933537411,127.27201412898398,17.402691730909897,49.75655756828406,55.26730731929193,1,sensor_drift,2025-01-01 06:34:00,2025-01-01 15:07:00
2025-01-01 14:56:00,258.73123593270094,128.88381560907186,17.42435681097238,49.58117378856934,53.10397843642022,1,sensor_drift,2025-01-01 06:34:00,2025-01-01 15:07:00
2025-01-01 14:57:00,258.5784028733695,127.72623917881724,17.64656445793146,51.25040013404476,53.29994320869596,1,sensor_drift,2025-01-01 06:34:00,2025-01-01 15:07:00
2025-01-01 14:58:00,259.6476448450172,127.85742600276838,17.58423781120769,50.85870784615561,54.81623602480748,1,sensor_drift,2025-01-01 06:34:00,2025-01-01 15:07:00
2025-01-01 14:59:00,258.0323979973233,127.73632532379209,17.329456632998877,50.49522513770379,51.33011100830469,1,sensor_drift,2025-01-01 06:34:00,2025-01-01 15:07:00
2025-01-01 15:00:00,259.5691126771367,128.11991033334493,17.686068754986852,50.679338661353164,55.835968769724616,1,sensor_drift,2025-01-01 06:34:00,2025-01-01 15:07:00
2025-01-01 15:01:00,259.3359302932413,127.12049355720134,17.369493444478618,47.96070589535774,56.38244276583813,1,sensor_drift,2025-01-01 06:34:00,2025-01-01 15:07:00
2025-01-01 15:02:00,259.13254331314033,126.00401709250937,17.52319448793103,50.85430915513881,50.17643170624513,1,sensor_drift,2025-01-01 06:34:00,2025-01-01 15:07:00
2025-01-01 15:03:00,260.5178092251715,127.12609346163475,17.88543203323385,49.885947452658804,53.282268333827524,1,sensor_drift,2025-01-01 06:34:00,2025-01-01 15:07:00
2025-01-01 15:04:00,258.7461952417323,127.72869192515128,17.97417832197667,50.341694451320706,52.51249508144834,1,sensor_drift,2025-01-01 06:34:00,2025-01-01 15:07:00
2025-01-01 15:05:00,260.88905476406075,126.66220985778156,17.535933447286396,49.68103253431964,53.034191186288545,1,sensor_drift,2025-01-01 06:34:00,2025-01-01 15:07:00
2025-01-01 15:06:00,259.0574086145438,127.14074450217568,17.686776390503532,49.278941351648044,52.8272700567014,1,sensor_drift,2025-01-01 06:34:00,2025-01-01 15:07:00
2025-01-01 15:07:00,258.2131610247294,126.83401072949262,17.76054848588332,48.89120889719448,54.28158940118445,1,sensor_drift,2025-01-01 06:34:00,2025-01-01 15:07:00
2025-01-01 15:08:00,259.2878134550808,128.15283329705795,11.889591804507333,49.375280627681676,53.151274847818534,0,none,,
2025-01-01 15:09:00,258.36806878313087,127.70386793565473,11.55461328824044,48.67195506680285,52.17288655873153,0,none,,
2025-01-01 15:10:00,258.6249313008885,127.64773103036106,11.563210539139774,49.64313628970651,53.03970796351183,0,none,,
2025-01-01 15:11:00,259.5413178750914,127.6324154691555,11.873314073427034,47.345626114081774,53.84516679872059,0,none,,
2025-01-01 15:12:00,259.6655967180558,127.23978838477524,11.591110475716778,48.19930478447395,51.78879836743747,0,none,,
2025-01-01 15:13:00,258.72092158942644,127.38339033186224,11.762043142322629,50.442273034941806,51.21636646111329,0,none,,
2025-01-01 15:14:00,260.0061897913031,126.55649994970811,11.438584813078236,47.95561765878006,55.566467766710765,0,none,,
2025-01-01 15:15:00,260.13996736154303,125.95853529405223,11.640972948574388,48.22340683786532,52.38834232670526,0,none,,
2025-01-01 15:16:00,260.36078392391397,127.36327472765008,11.424277053242022,47.56503024232133,52.979258859548516,0,none,,
2025-01-01 15:17:00,259.63314081939626,127.47048169280316,11.521516223307277,48.5847678870281,52.65230788697702,0,none,,
2025-01-01 15:18:00,260.29830717606836,128.00454382705516,11.81238106444327,47.54506829290553,53.773700958924394,0,none,,
2025-01-01 15:19:00,257.7009664389256,128.22472031519308,11.68573833969076,47.96792576364923,55.23043187043883,0,none,,
2025-01-01 15:20:00,258.94940810238336,128.22688798320192,11.652134138917052,48.82831555128292,53.78684914607314,0,none,,
2025-01-01 15:21:00,258.5083448025005,126.68908126384002,11.59451481150469,47.36692132633635,51.25749258976262,0,none,,
2025-01-01 15:22:00,251.84699537702897,127.07957952056083,11.680606332858043,48.639164689638214,51.40794379265099,1,step_change,2025-01-01 15:22:00,2025-01-01 19:33:00
2025-01-01 15:23:00,251.29284694860291,127.58221896732337,11.765798262870037,48.60518111411574,52.58025538702866,1,step_change,2025-01-01 15:22:00,2025-01-01 19:33:00
2025-01-01 15:24:00,251.61556014615172,128.81627790300288,11.875043131125537,48.752568600064485,52.72801564777025,1,step_change,2025-01-01 15:22:00,2025-01-01 19:33:00
2025-01-01 15:25:00,253.25279519405933,128.18834831449615,11.340854783254079,47.86972063793516,50.97519849082385,1,step_change,2025-01-01 15:22:00,2025-01-01 19:33:00
2025-01-01 15:26:00,251.60993741020258,127.97511790506799,11.6169291657756,50.60270302077972,54.01715671911085,1,step_change,2025-01-01 15:22:00,2025-01-01 19:33:00
2025-01-01 15:27:00,252.07549445692104,127.07403489946857,11.772668593805893,48.579214333659905,51.7235344522098,1,step_change,2025-01-01 15:22:00,2025-01-01 19:33:00
2025-01-01 15:28:00,251.55748220287364,126.78005333729013,11.741128546760178,47.86933295658461,54.813017157950064,1,step_change,2025-01-01 15:22:00,2025-01-01 19:33:00
2025-01-01 15:29:00,251.8027953763558,127.78662079567034,11.823660122548448,46.73768134483349,55.20051588171135,1,step_change,2025-01-01 15:22:00,2025-01-01 19:33:00
2025-01-01 15:30:00,251.74605549105485,126.6562198907313,11.810520983499929,47.39000697585454,52.71331990854716,1,step_change,2025-01-01 15:22:00,2025-01-01 19:33:00
2025-01-01 15:31:00,252.09900942602417,127.17693318307526,11.731935358045087,48.71469280894533,53.53422509687744,1,step_change,2025-01-01 15:22:00,2025-01-01 19:33:00
2025-01-01 15:32:00,252.6717951566074,127.25454445548061,11.705951250874742,48.9255236155634,51.52612185358137,1,step_change,2025-01-01 15:22:00,2025-01-01 19:33:00
2025-01-01 15:33:00,253.05675451038968,128.28261272174603,11.75550454229318,48.67570159473598,53.75063784352,1,step_change,2025-01-01 15:22:00,2025-01-01 19:33:00
2025-01-01 15:34:00,251.98591709027744,127.11753946668115,11.972027236933148,48.01247314782396,52.402930460035705,1,step_change,2025-01-01 15:22:00,2025-01-01 19:33:00
2025-01-01 15:35:00,252.20933207167695,125.87033870618772,11.697335130882246,46.138644281362325,51.69538164405304,1,step_change,2025-01-01 15:22:00,2025-01-01 19:33:00
2025-01-01 15:36:00,250.81656861485527,127.64012430266011,11.80516879490344,47.67247751548985,52.65293232771883,1,step_change,2025-01-01 15:22:00,2025-01-01 19:33:00
2025-01-01 15:37:00,251.66661690273082,126.92165193322512,11.849576387114421,46.0844287407376,52.44207460135315,1,step_change,2025-01-01 15:22:00,2025-01-01 19:33:00
2025-01-01 15:38:00,252.48890065022232,127.37028981877185,12.063643432658814,45.83300124898273,52.61238634792114,1,step_change,2025-01-01 15:22:00,2025-01-01 19:33:00
2025-01-01 15:39:00,252.42928776821697,127.29637329159053,11.792089491345509,47.35938714948584,54.14456628120782,1,step_change,2025-01-01 15:22:00,2025-01-01 19:33:00
2025-01-01 15:40:00,251.90573770895548,127.18789749178687,11.98852957134013,47.58983581598746,52.065721138983776,1,step_change,2025-01-01 15:22:00,2025-01-01 19:33:00
2025-01-01 15:41:00,252.44559572845475,127.8300870042154,12.037104934672357,47.90920832440809,55.094024443889516,1,step_change,2025-01-01 15:22:00,2025-01-01 19:33:00
2025-01-01 15:42:00,252.1292184239163,126.43996560143333,11.85036964193786,47.5232117579618,51.426598192078316,1,step_change,2025-01-01 15:22:00,2025-01-01 19:33:00
2025-01-01 15:43:00,252.69706870029768,127.05331709220943,11.835973692125586,47.53625052601278,54.960624787447664,1,step_change,2025-01-01 15:22:00,2025-01-01 19:33:00
2025-01-01 15:44:00,251.96862407868883,127.77782881648282,11.825894934702113,46.15608907359066,51.808499625951015,1,step_change,2025-01-01 15:22:00,2025-01-01 19:33:00
2025-01-01 15:45:00,251.45298586218127,127.00287510403702,11.844572336653936,46.93467464480381,53.03406492991297,1,step_change,2025-01-01 15:22:00,2025-01-01 19:33:00
2025-01-01 15:46:00,252.0067202615968,126.4100014192701,12.018794663791235,45.66205381189536,52.4547776694457,1,step_change,2025-01-01 15:22:00,2025-01-01 19:33:00
2025-01-01 15:47:00,249.3941697526846,127.78041781633463,11.933041794278912,45.207163215184835,52.63903370845836,1,step_change,2025-01-01 15:22:00,2025-01-01 19:33:00
2025-01-01 15:48:00,252.04564736988885,128.05718035840138,11.941432777351341,47.670944155052865,54.02239388705256,1,step_change,2025-01-01 15:22:00,2025-01-01 19:33:00
2025-01-01 15:49:00,248.82139785049515,127.36040534300321,11.745120900248317,46.32315959398963,54.870575414516104,1,step_change,2025-01-01 15:22:00,2025-01-01 19:33:00
2025-01-01 15:50:00,250.36224278765172,126.21501402638606,11.776560773061686,47.785262614092325,54.51019082490489,1,step_change,2025-01-01 15:22:00,2025-01-01 19:33:00
2025-01-01 15:51:00,252.10341013898227,127.81926229375937,12.250994585241843,47.99900606926242,52.60727018604493,1,step_change,2025-01-01 15:22:00,2025-01-01 19:33:00
2025-01-01 15:52:00,252.1250970813282,126.40394703075712,11.910609063246104,46.448023366655896,53.32649807729924,1,step_change,2025-01-01 15:22:00,2025-01-01 19:33:00
2025-01-01 15:53:00,250.81430581436808,127.58939900362,11.828883229465205,47.54303988343941,52.17994845905354,1,step_change,2025-01-01 15:22:00,2025-01-01 19:33:00
2025-01-01 15:54:00,251.17583956882567,126.87592129426949,12.167589417401688,46.42550307742903,51.94238626980069,1,step_change,2025-01-01 15:22:00,2025-01-01 19:33:00
2025-01-01 15:55:00,252.84332375530698,126.71681675185745,12.003029404764446,45.370468000414576,51.771243421998605,1,step_change,2025-01-01 15:22:00,2025-01-01 19:33:00
2025-01-01 15:56:00,251.36113427898255,127.15193573799691,12.055321663783912,47.15637950937681,52.637025934588834,1,step_change,2025-01-01 15:22:00,2025-01-01 19:33:00
2025-01-01 15:57:00,253.54425996936703,127.31150543739003,11.95573704925233,46.63767965933381,53.47769990555102,1,step_change,2025-01-01 15:22:00,2025-01-01 19:33:00
2025-01-01 15:58:00,251.75005134326312,127.03940214866431,11.936492867428754,46.68386930156165,50.90080229218386,1,step_change,2025-01-01 15:22:00,2025-01-01 19:33:00
2025-01-01 15:59:00,252.079778098732,127.7836332039181,11.9667082867826,48.87865400129576,53.15690962341687,1,step_change,2025-01-01 15:22:00,2025-01-01 19:33:00
2025-01-01 16:00:00,253.04870928454562,127.1672948634636,11.792589274455205,45.750875853994444,55.05006212072874,1,step_change,2025-01-01 15:22:00,2025-01-01 19:33:00
2025-01-01 16:01:00,251.86199099447322,128.02761748678023,11.994664645929822,47.49443216458398,54.59616547446972,1,step_change,2025-01-01 15:22:00,2025-01-01 19:33:00
2025-01-01 16:02:00,250.95735282826132,127.61281465953634,12.060111130541115,46.28261386591703,52.56743174764145,1,step_change,2025-01-01 15:22:00,2025-01-01 19:33:00
2025-01-01 16:03:00,251.6736041846612,127.03022565836022,12.301125374532004,48.025850559419986,51.61392365465898,1,step_change,2025-01-01 15:22:00,2025-01-01 19:33:00
2025-01-01 16:04:00,251.7351553566649,126.93388680185214,12.044301433496548,47.50985170755016,53.863221828227765,1,step_change,2025-01-01 15:22:00,2025-01-01 19:33:00
2025-01-01 16:05:00,250.67420833244705,126.46968533130278,11.68911532120654,47.617885199437886,50.55249935246426,1,step_change,2025-01-01 15:22:00,2025-01-01 19:33:00
2025-01-01 16:06:00,251.5637938554089,127.63739712506518,12.032977642519013,46.46363897996364,54.688317050378195,1,step_change,2025-01-01 15:22:00,2025-01-01 19:33:00
2025-01-01 16:07:00,251.17726408402314,127.25502062613572,12.465826591164287,46.66491608245902,53.12327459544841,1,step_change,2025-01-01 15:22:00,2025-01-01 19:33:00
2025-01-01 16:08:00,252.51316283704972,126.04931370101457,12.192672013208348,48.23070529200238,55.601313366898744,1,step_change,2025-01-01 15:22:00,2025-01-01 19:33:00
2025-01-01 16:09:00,251.80412586302333,127.15610198268075,11.948889096903414,49.03444861320047,51.35629118963013,1,step_change,2025-01-01 15:22:00,2025-01-01 19:33:00
2025-01-01 16:10:00,251.55306059006597,126.94185249950148,12.166981692496613,47.919861154070134,54.556042655292146,1,step_change,2025-01-01 15:22:00,2025-01-01 19:33:00
2025-01-01 16:11:00,251.69731379504088,128.43286370158805,11.974793559461247,46.72904727944868,53.359991806953445,1,step_change,2025-01-01 15:22:00,2025-01-01 19:33:00
2025-01-01 16:12:00,251.96382065804812,126.4708165223931,11.89078955109211,47.89318579351408,53.11039192486428,1,step_change,2025-01-01 15:22:00,2025-01-01 19:33:00
2025-01-01 16:13:00,252.28193988773836,126.63274216163174,12.049354297824303,49.826538882371445,51.891602514935094,1,step_change,2025-01-01 15:22:00,2025-01-01 19:33:00
2025-01-01 16:14:00,250.9919862359057,128.16864588185834,12.123070281181116,47.78990886600701,54.27878318643296,1,step_change,2025-01-01 15:22:00,2025-01-01 19:33:00
2025-01-01 16:15:00,250.9618556331602,128.32187604064666,11.836230867844668,49.071523746394064,54.40442737776197,1,step_change,2025-01-01 15:22:00,2025-01-01 19:33:00
2025-01-01 16:16:00,252.68234128298042,127.06602512101671,11.95237312090986,47.149915813360344,55.76509528893437,1,step_change,2025-01-01 15:22:00,2025-01-01 19:33:00
2025-01-01 16:17:00,251.47230325475402,127.13900290800818,12.133968795490253,47.84086831715962,54.86318096883425,1,step_change,2025-01-01 15:22:00,2025-01-01 19:33:00
2025-01-01 16:18:00,250.67237680827674,127.89327802705733,12.0788412419152,48.50105717318808,52.972120948459555,1,step_change,2025-01-01 15:22:00,2025-01-01 19:33:00
2025-01-01 16:19:00,252.1646814832336,126.1326022581969,12.20691366648931,48.36789618310338,52.51212746602684,1,step_change,2025-01-01 15:22:00,2025-01-01 19:33:00
2025-01-01 16:20:00,252.18421131105964,126.41751432170504,11.973091177965227,47.38953224167427,52.10722909709265,1,step_change,2025-01-01 15:22:00,2025-01-01 19:33:00
2025-01-01 16:21:00,250.5929309396975,127.37120202492687,12.26998133220204,47.42180580819322,55.55062972970287,1,step_change,2025-01-01 15:22:00,2025-01-01 19:33:00
2025-01-01 16:22:00,252.00517993556502,128.47503116248612,11.992845342263324,49.113003411428544,52.88297486178952,1,step_change,2025-01-01 15:22:00,2025-01-01 19:33:00
2025-01-01 16:23:00,252.41425640093348,127.28915683815723,12.424335090275987,49.37118328213881,55.62776139298857,1,step_change,2025-01-01 15:22:00,2025-01-01 19:33:00
2025-01-01 16:24:00,252.12959860396273,127.61669843093459,11.92804645396822,49.736998109409065,54.51694780045439,1,step_change,2025-01-01 15:22:00,2025-01-01 19:33:00
2025-01-01 16:25:00,252.3400785007458,128.2419948657398,12.028980538624385,50.078905411950934,54.31879098507121,1,step_change,2025-01-01 15:22:00,2025-01-01 19:33:00
2025-01-01 16:26:00,250.71558646367004,128.83148065400408,12.262889735995037,48.657818097951186,53.5913781494969,1,step_change,2025-01-01 15:22:00,2025-01-01 19:33:00
2025-01-01 16:27:00,252.10844705155694,127.22691289073877,12.457305221971142,48.33984270948131,54.78980261330499,1,step_change,2025-01-01 15:22:00,2025-01-01 19:33:00
2025-01-01 16:28:00,251.6062372601624,127.56863583212885,12.262277225144606,49.92101873177435,54.01646349256422,1,step_change,2025-01-01 15:22:00,2025-01-01 19:33:00
2025-01-01 16:29:00,251.4669242314509,128.67773070362958,12.306763150533259,49.4340115774542,53.63065987482609,1,step_change,2025-01-01 15:22:00,2025-01-01 19:33:00
2025-01-01 16:30:00,252.55452948092142,126.67698160360693,12.232240594670012,47.99705276892326,54.94825886902977,1,step_change,2025-01-01 15:22:00,2025-01-01 19:33:00
2025-01-01 16:31:00,253.04653877288735,128.21269738228838,12.082886545713281,48.041867507408895,53.98026946451454,1,step_change,2025-01-01 15:22:00,2025-01-01 19:33:00
2025-01-01 16:32:00,253.30375510473294,126.99105104416627,12.170521233609572,49.50759003691751,53.23565831711366,1,step_change,2025-01-01 15:22:00,2025-01-01 19:33:00
2025-01-01 16:33:00,252.92535116842657,127.66945953808208,12.069409384525265,48.99982681299739,54.954712968780235,1,step_change,2025-01-01 15:22:00,2025-01-01 19:33:00
2025-01-01 16:34:00,251.7910694352571,127.46838465160478,12.066500162918446,49.23188731295897,54.20003104399699,1,step_change,2025-01-01 15:22:00,2025-01-01 19:33:00
2025-01-01 16:35:00,252.16649110317763,127.04517336637227,12.325635552029361,50.3190043416206,54.906026449242354,1,step_change,2025-01-01 15:22:00,2025-01-01 19:33:00
2025-01-01 16:36:00,252.50333792689753,127.03618777716204,12.103917602530533,50.13662769529462,53.81784615848415,1,step_change,2025-01-01 15:22:00,2025-01-01 19:33:00
2025-01-01 16:37:00,251.99249328977692,127.79801059433721,12.32730181320357,50.751839659188505,52.95529419408589,1,step_change,2025-01-01 15:22:00,2025-01-01 19:33:00
2025-01-01 16:38:00,252.0059404032922,128.2356431237766,12.0910218433226,47.919689324519176,56.532703704760316,1,step_change,2025-01-01 15:22:00,2025-01-01 19:33:00
2025-01-01 16:39:00,252.56621667841944,127.56667993828069,12.337630197915685,49.99087523346956,56.351532385306264,1,step_change,2025-01-01 15:22:00,2025-01-01 19:33:00
2025-01-01 16:40:00,251.86578034691712,127.69283634327515,12.226697614655555,50.494377362485864,55.601728008183464,1,step_change,2025-01-01 15:22:00,2025-01-01 19:33:00
2025-01-01 16:41:00,251.3358765478162,127.9997644016337,12.517768181693828,48.603133909937895,54.12199921496348,1,step_change,2025-01-01 15:22:00,2025-01-01 19:33:00
2025-01-01 16:42:00,251.59393478923158,127.08042500846177,12.362056973166428,49.49708862822882,54.27377000801367,1,step_change,2025-01-01 15:22:00,2025-01-01 19:33:00
2025-01-01 16:43:00,252.43895636828364,128.1135929540658,12.505536143498487,49.440988285073686,56.34031247502441,1,step_change,2025-01-01 15:22:00,2025-01-01 19:33:00
2025-01-01 16:44:00,251.9406453678174,128.16780941923756,12.213436413545239,50.329346421775135,54.30487469032572,1,step_change,2025-01-01 15:22:00,2025-01-01 19:33:00
2025-01-01 16:45:00,252.21694939297737,129.24485045551248,12.341763640848386,51.888708451148695,54.01893266017514,1,step_change,2025-01-01 15:22:00,2025-01-01 19:33:00
2025-01-01 16:46:00,252.48748365097794,127.46352834764875,12.192680668437458,52.359186158650225,57.07378333409807,1,step_change,2025-01-01 15:22:00,2025-01-01 19:33:00
2025-01-01 16:47:00,251.65829426092398,127.42090310349444,12.284246327610678,49.922571619585185,54.8195575915294,1,step_change,2025-01-01 15:22:00,2025-01-01 19:33:00
2025-01-01 16:48:00,252.5700216215863,128.16373823220636,12.313355517963789,51.24723006367637,57.04911210962869,1,step_change,2025-01-01 15:22:00,2025-01-01 19:33:00
2025-01-01 16:49:00,252.27506147336044,128.20047300223908,12.250116027239324,51.39543221111317,53.29971863995949,1,step_change,2025-01-01 15:22:00,2025-01-01 19:33:00
2025-01-01 16:50:00,250.99121001443484,127.39465533110341,12.182931428578378,51.361814124483075,55.650948751543,1,step_change,2025-01-01 15:22:00,2025-01-01 19:33:00
2025-01-01 16:51:00,253.14008635465927,127.480552532699,12.159428771038002,51.49368388108995,57.56630908292856,1,step_change,2025-01-01 15:22:00,2025-01-01 19:33:00
2025-01-01 16:52:00,251.5929378576696,128.05391661302323,12.026630017273794,51.5307991793475,55.16913335181574,1,step_change,2025-01-01 15:22:00,2025-01-01 19:33:00
2025-01-01 16:53:00,250.67685774907636,127.23952105354716,12.225211431662832,52.90021277597843,54.8695832358324,1,step_change,2025-01-01 15:22:00,2025-01-01 19:33:00
2025-01-01 16:54:00,251.17240881157517,127.4966302700205,12.483792913498887,52.49869053101075,53.83857036049589,1,step_change,2025-01-01 15:22:00,2025-01-01 19:33:00
2025-01-01 16:55:00,251.19922693359513,127.80363102445625,12.155832709258048,50.67846732394499,56.59269036360094,1,step_change,2025-01-01 15:22:00,2025-01-01 19:33:00
2025-01-01 16:56:00,252.06553066774944,128.35440897104755,12.196259936877318,52.475915709164205,54.42424711500835,1,step_change,2025-01-01 15:22:00,2025-01-01 19:33:00
2025-01-01 16:57:00,251.81255036529456,127.40110273915815,12.675915233004703,52.69105068446121,55.28966275907721,1,step_change,2025-01-01 15:22:00,2025-01-01 19:33:00
2025-01-01 16:58:00,251.77011389508914,126.66549318976004,12.317538337939013,52.300481088212564,53.97756657612891,1,step_change,2025-01-01 15:22:00,2025-01-01 19:33:00
2025-01-01 16:59:00,252.5433998178665,126.62807320991703,12.466831177279733,53.16529699309298,57.38327708871954,1,step_change,2025-01-01 15:22:00,2025-01-01 19:33:00
2025-01-01 17:00:00,252.32770751967314,127.02953759425365,12.520611640687004,52.44715526722452,56.95739202859602,1,step_change,2025-01-01 15:22:00,2025-01-01 19:33:00
2025-01-01 17:01:00,252.31692485148517,127.00448452179519,12.529160085521983,52.59001234352992,55.590639675469596,1,step_change,2025-01-01 15:22:00,2025-01-01 19:33:00
2025-01-01 17:02:00,252.40033911204767,127.7068644438828,12.206877488016163,52.65119970653162,54.301053750321344,1,step_change,2025-01-01 15:22:00,2025-01-01 19:33:00
2025-01-01 17:03:00,252.57388446461465,127.09359463357455,12.405934553676488,50.85890406612627,57.58708510577045,1,step_change,2025-01-01 15:22:00,2025-01-01 19:33:00
2025-01-01 17:04:00,250.4032251573754,127.39260770841727,12.203152804858679,52.736913834761765,55.36330946660483,1,step_change,2025-01-01 15:22:00,2025-01-01 19:33:00
2025-01-01 17:05:00,251.8067591677622,127.35719329447761,12.818051563323936,52.342462835051315,54.535072933585205,1,step_change,2025-01-01 15:22:00,2025-01-01 19:33:00
2025-01-01 17:06:00,250.36297461447572,127.56477048249702,12.217012289757678,52.01132744599648,53.80612218414256,1,step_change,2025-01-01 15:22:00,2025-01-01 19:33:00
2025-01-01 17:07:00,252.14493457912891,128.63005445276275,12.304129066413603,54.50557447236377,55.20529804256483,1,step_change,2025-01-01 15:22:00,2025-01-01 19:33:00
2025-01-01 17:08:00,252.12143542196253,128.24124339169524,12.310197448647957,53.80511591358802,54.2951236438029,1,step_change,2025-01-01 15:22:00,2025-01-01 19:33:00
2025-01-01 17:09:00,252.97073408523403,127.86132184789432,12.246691087020015,53.4613545059786,55.353971760038576,1,step_change,2025-01-01 15:22:00,2025-01-01 19:33:00
2025-01-01 17:10:00,253.09369365991068,127.58264421385165,12.678901090638224,53.117213302928285,57.055742147494925,1,step_change,2025-01-01 15:22:00,2025-01-01 19:33:00
2025-01-01 17:11:00,252.3151955882792,127.6069826398695,12.84411947277716,54.02984146013007,55.77348720389903,1,step_change,2025-01-01 15:22:00,2025-01-01 19:33:00
2025-01-01 17:12:00,251.76218772213298,128.07127888013665,12.414047828728076,54.79371054719517,56.71272927734394,1,step_change,2025-01-01 15:22:00,2025-01-01 19:33:00
2025-01-01 17:13:00,252.56021824358243,128.23288776279992,12.291921461070345,53.29561267196251,55.480232738731075,1,step_change,2025-01-01 15:22:00,2025-01-01 19:33:00
2025-01-01 17:14:00,251.75947985086896,127.34561773478757,12.158936888364305,54.17429272531582,56.48917477842647,1,step_change,2025-01-01 15:22:00,2025-01-01 19:33:00
2025-01-01 17:15:00,252.1905363848793,127.91992525236046,12.462265459603211,55.09890463328342,58.77918403128821,1,step_change,2025-01-01 15:22:00,2025-01-01 19:33:00
2025-01-01 17:16:00,252.99050814133597,126.68696030018302,12.455747527293038,52.714458144103055,56.1194375514827,1,step_change,2025-01-01 15:22:00,2025-01-01 19:33:00
2025-01-01 17:17:00,251.7654427253088,128.04090227618858,12.409742274068362,54.54442619603665,57.062833659480354,1,step_change,2025-01-01 15:22:00,2025-01-01 19:33:00
2025-01-01 17:18:00,252.86637565446364,128.37915227626533,12.54479038670889,54.3493795601488,54.787155832408466,1,step_change,2025-01-01 15:22:00,2025-01-01 19:33:00
2025-01-01 17:19:00,252.77403909752945,127.76185707975574,12.574919818323195,54.75487822871169,58.5545516571682,1,step_change,2025-01-01 15:22:00,2025-01-01 19:33:00
2025-01-01 17:20:00,251.47868221667545,129.02789681515355,12.568077730961347,54.56348068418826,56.22277070625062,1,step_change,2025-01-01 15:22:00,2025-01-01 19:33:00
2025-01-01 17:21:00,253.03214113667883,127.41736678389317,12.476078873448404,55.27842526102763,58.12140481004496,1,step_change,2025-01-01 15:22:00,2025-01-01 19:33:00
2025-01-01 17:22:00,252.82250165552722,128.08475024533888,12.362046993161039,57.02539726471707,56.77863809697535,1,step_change,2025-01-01 15:22:00,2025-01-01 19:33:00
2025-01-01 17:23:00,252.35592469899012,127.94101423559985,12.630867547148833,55.14208259410656,57.72637676054495,1,step_change,2025-01-01 15:22:00,2025-01-01 19:33:00
2025-01-01 17:24:00,251.67537337846045,127.9106005480461,12.53648097842625,55.8355007004669,57.864053314099834,1,step_change,2025-01-01 15:22:00,2025-01-01 19:33:00
2025-01-01 17:25:00,251.60882831078635,127.91050292302775,12.671377273644811,57.507406011082615,56.5825894044712,1,step_change,2025-01-01 15:22:00,2025-01-01 19:33:00
2025-01-01 17:26:00,251.8771369467595,128.05172335960089,12.660062503030751,55.35607673322493,58.50280016460491,1,step_change,2025-01-01 15:22:00,2025-01-01 19:33:00
2025-01-01 17:27:00,252.75252943816895,128.50464677902906,12.331621593937982,57.622995836553784,56.34903310735145,1,step_change,2025-01-01 15:22:00,2025-01-01 19:33:00
2025-01-01 17:28:00,251.56525364208284,128.83097156991093,12.33299394346692,56.132974498219674,58.26093900279918,1,step_change,2025-01-01 15:22:00,2025-01-01 19:33:00
2025-01-01 17:29:00,252.69117660302794,128.01148510983032,12.43794361827826,57.869942509559166,56.92706765912951,1,step_change,2025-01-01 15:22:00,2025-01-01 19:33:00
2025-01-01 17:30:00,251.35928859710776,128.51057748986844,12.395887908263171,57.07908332503452,57.882965257021745,1,step_change,2025-01-01 15:22:00,2025-01-01 19:33:00
2025-01-01 17:31:00,252.20107762282402,127.60892745804064,12.67057349811957,56.81753860296479,56.97756397865035,1,step_change,2025-01-01 15:22:00,2025-01-01 19:33:00
2025-01-01 17:32:00,252.46380348226467,128.49820789253243,12.612844707296508,56.61884278049917,57.6606572628184,1,step_change,2025-01-01 15:22:00,2025-01-01 19:33:00
2025-01-01 17:33:00,254.34405556277096,127.59013394331649,12.727792400621286,56.252531308101915,56.38004727464307,1,step_change,2025-01-01 15:22:00,2025-01-01 19:33:00
2025-01-01 17:34:00,251.29807852997754,128.7104663224614,12.625057917266945,57.018086595426205,58.03599726768183,1,step_change,2025-01-01 15:22:00,2025-01-01 19:33:00
2025-01-01 17:35:00,253.58963581231154,129.39124368088014,12.599455514978068,57.89261115947109,57.86145140931647,1,step_change,2025-01-01 15:22:00,2025-01-01 19:33:00
2025-01-01 17:36:00,252.54410474743355,128.00044492879647,12.750593376828718,57.20766209746435,57.2299791945728,1,step_change,2025-01-01 15:22:00,2025-01-01 19:33:00
2025-01-01 17:37:00,252.76548861336067,126.76705260988827,12.643471067634568,57.06830233007094,57.88210003517379,1,step_change,2025-01-01 15:22:00,2025-01-01 19:33:00
2025-01-01 17:38:00,252.54366332896086,127.76266574413518,12.585506985436574,57.26064221646979,58.17913411189978,1,step_change,2025-01-01 15:22:00,2025-01-01 19:33:00
2025-01-01 17:39:00,252.81731407756155,128.83961276163694,12.799541096961791,58.5119017268289,57.3491127348213,1,step_change,2025-01-01 15:22:00,2025-01-01 19:33:00
2025-01-01 17:40:00,252.35124591641323,128.44135932698578,12.596832628246359,58.85284668847357,58.004852957170456,1,step_change,2025-01-01 15:22:00,2025-01-01 19:33:00
2025-01-01 17:41:00,253.6502093186328,128.2679344029606,12.535887455086364,57.28045678278991,57.02352481484073,1,step_change,2025-01-01 15:22:00,2025-01-01 19:33:00
2025-01-01 17:42:00,252.13468127067483,128.73290767924007,12.457748463421959,57.40897649209072,61.11608476646006,1,step_change,2025-01-01 15:22:00,2025-01-01 19:33:00
2025-01-01 17:43:00,253.4186487355999,128.42754660080035,12.69065921116192,58.48102482002582,59.643351779751214,1,step_change,2025-01-01 15:22:00,2025-01-01 19:33:00
2025-01-01 17:44:00,252.01048419072396,128.8767249868211,12.772446141716653,59.64232052601894,58.77150506570571,1,step_change,2025-01-01 15:22:00,2025-01-01 19:33:00
2025-01-01 17:45:00,252.49100717190072,128.7070068978917,12.580883058026924,59.42587749578532,59.92188105909518,1,step_change,2025-01-01 15:22:00,2025-01-01 19:33:00
2025-01-01 17:46:00,251.69498335609,129.07768327558753,12.786140288105349,57.39372978452348,56.21195879036931,1,step_change,2025-01-01 15:22:00,2025-01-01 19:33:00
2025-01-01 17:47:00,252.9300311413873,128.38929847395036,12.295831380639111,58.407566612713474,55.589717237855865,1,step_change,2025-01-01 15:22:00,2025-01-01 19:33:00
2025-01-01 17:48:00,253.73568574546715,128.72658180400992,12.584294998135894,57.93141962281748,58.251801873141034,1,step_change,2025-01-01 15:22:00,2025-01-01 19:33:00
2025-01-01 17:49:00,252.531386925687,128.00860278993613,12.587776595276136,58.65078132605984,57.148831564410216,1,step_change,2025-01-01 15:22:00,2025-01-01 19:33:00
2025-01-01 17:50:00,252.4495642999991,127.84150295910993,12.485817760963183,60.45690596438806,58.591470549523265,1,step_change,2025-01-01 15:22:00,2025-01-01 19:33:00
2025-01-01 17:51:00,251.7292944005547,129.23598799364956,12.953420229870236,57.85276837674954,59.194597115076114,1,step_change,2025-01-01 15:22:00,2025-01-01 19:33:00
2025-01-01 17:52:00,252.45158310349694,128.3512457382459,12.58678424231765,57.79504320437235,60.124833896456146,1,step_change,2025-01-01 15:22:00,2025-01-01 19:33:00
2025-01-01 17:53:00,251.3749252356559,128.71409436242564,12.536323340804131,58.623941030822756,57.72705450054509,1,step_change,2025-01-01 15:22:00,2025-01-01 19:33:00
2025-01-01 17:54:00,251.93311584922492,128.31510069620796,12.602044717254904,59.744506077216585,59.645262354215625,1,step_change,2025-01-01 15:22:00,2025-01-01 19:33:00
2025-01-01 17:55:00,252.8592188628612,127.89868554174825,12.298293293164287,60.15952618278141,59.25579890154459,1,step_change,2025-01-01 15:22:00,2025-01-01 19:33:00
2025-01-01 17:56:00,253.74748657570814,128.26697049765846,12.485197532051007,60.108069282368476,59.728451684247226,1,step_change,2025-01-01 15:22:00,2025-01-01 19:33:00
2025-01-01 17:57:00,254.95424491199293,129.1318105917256,12.747023417161243,60.88456535923082,58.760698922296,1,step_change,2025-01-01 15:22:00,2025-01-01 19:33:00
2025-01-01 17:58:00,252.25232258201163,128.61323923690722,12.505452591745419,58.35028408387536,61.11723968661446,1,step_change,2025-01-01 15:22:00,2025-01-01 19:33:00
2025-01-01 17:59:00,253.88465942944532,127.26313990235987,12.475617322124364,61.11567274892877,59.40637888994758,1,step_change,2025-01-01 15:22:00,2025-01-01 19:33:00
2025-01-01 18:00:00,252.94636417277468,128.17085332605433,12.796428845477159,59.872855709859856,61.732771161727634,1,step_change,2025-01-01 15:22:00,2025-01-01 19:33:00
2025-01-01 18:01:00,252.64542118673182,129.379400073821,12.800986756687179,60.918088130636036,58.728492787568705,1,step_change,2025-01-01 15:22:00,2025-01-01 19:33:00
2025-01-01 18:02:00,253.12766621144925,128.1918170752296,12.677342965809506,59.17305995288811,60.641594083465414,1,step_change,2025-01-01 15:22:00,2025-01-01 19:33:00
2025-01-01 18:03:00,252.84640940995325,127.24992696602446,12.531269821638633,60.471369479574726,59.751868595622604,1,step_change,2025-01-01 15:22:00,2025-01-01 19:33:00
2025-01-01 18:04:00,252.90059259800483,129.47621009336254,12.563257061085295,60.78065248781456,59.50346872749074,1,step_change,2025-01-01 15:22:00,2025-01-01 19:33:00
2025-01-01 18:05:00,252.5011234957126,128.7600304381879,12.478092859706917,61.707589000633675,60.7288382127178,1,step_change,2025-01-01 15:22:00,2025-01-01 19:33:00
2025-01-01 18:06:00,251.72493051076094,128.31884897227346,12.448934432385581,59.33836183021711,59.68435508907498,1,step_change,2025-01-01 15:22:00,2025-01-01 19:33:00
2025-01-01 18:07:00,251.62426048141543,128.14831538125898,12.440820483298532,60.888690105361086,56.922303564188866,1,step_change,2025-01-01 15:22:00,2025-01-01 19:33:00
2025-01-01 18:08:00,253.39761313296378,129.03093409032732,12.504004976203184,59.97843754948799,56.51450613234414,1,step_change,2025-01-01 15:22:00,2025-01-01 19:33:00
2025-01-01 18:09:00,252.6696278989404,128.06673736926248,12.440632925570243,61.5024182549705,61.79011955394422,1,step_change,2025-01-01 15:22:00,2025-01-01 19:33:00
2025-01-01 18:10:00,252.4302017392373,129.09133330075494,12.360311149042813,61.8374470831626,61.81275932824169,1,step_change,2025-01-01 15:22:00,2025-01-01 19:33:00
2025-01-01 18:11:00,252.93007637092217,128.73819620522218,12.626701232554888,62.385016124078504,62.67445763603198,1,step_change,2025-01-01 15:22:00,2025-01-01 19:33:00
2025-01-01 18:12:00,253.57553078225845,128.57023531840596,12.627802341491098,60.83175043103366,60.46176900175063,1,step_change,2025-01-01 15:22:00,2025-01-01 19:33:00
2025-01-01 18:13:00,253.10030331953038,128.521329706808,12.846452549199094,62.23257172580708,59.00474259167751,1,step_change,2025-01-01 15:22:00,2025-01-01 19:33:00
2025-01-01 18:14:00,252.44770944860943,128.33968218191686,12.489702189285168,62.705721352734116,60.12544423610263,1,step_change,2025-01-01 15:22:00,2025-01-01 19:33:00
2025-01-01 18:15:00,253.97024301354088,129.08273676402905,12.632886256685428,60.082855538507616,60.715625788036185,1,step_change,2025-01-01 15:22:00,2025-01-01 19:33:00
2025-01-01 18:16:00,254.26932628927972,127.94688417508934,12.633795447331503,62.19175734575221,59.56636504973946,1,step_change,2025-01-01 15:22:00,2025-01-01 19:33:00
2025-01-01 18:17:00,253.41850640211476,127.50371946115317,12.547129758136277,62.58015334697124,62.82591016898061,1,step_change,2025-01-01 15:22:00,2025-01-01 19:33:00
2025-01-01 18:18:00,253.81878899512992,128.85637073940268,12.695071990551057,61.5594395582178,63.60774058837506,1,step_change,2025-01-01 15:22:00,2025-01-01 19:33:00
2025-01-01 18:19:00,254.0505371709179,128.87732924059588,12.69782292385166,60.77532817525183,61.566889679731524,1,step_change,2025-01-01 15:22:00,2025-01-01 19:33:00
2025-01-01 18:20:00,253.97827345302647,128.7976579462777,12.628667160053071,62.78432451164734,61.05242316040187,1,step_change,2025-01-01 15:22:00,2025-01-01 19:33:00
2025-01-01 18:21:00,253.58281196469545,128.76512470283416,12.539127186115019,60.92463365192832,59.5838892601968,1,step_change,2025-01-01 15:22:00,2025-01-01 19:33:00
2025-01-01 18:22:00,253.58766263591025,128.33918527707954,12.521662324637735,61.910069026640656,63.06583550964499,1,step_change,2025-01-01 15:22:00,2025-01-01 19:33:00
2025-01-01 18:23:00,253.54227953762512,129.01506832700403,12.367848881854753,62.098713617865585,61.373815504439875,1,step_change,2025-01-01 15:22:00,2025-01-01 19:33:00
2025-01-01 18:24:00,252.26636067660604,128.5263603855266,12.449746242984437,62.84087613171646,61.007241937622055,1,step_change,2025-01-01 15:22:00,2025-01-01 19:33:00
2025-01-01 18:25:00,253.72260268460707,128.2725910179551,12.47485694911181,61.692797853929804,62.00349149882712,1,step_change,2025-01-01 15:22:00,2025-01-01 19:33:00
2025-01-01 18:26:00,252.0952798774926,128.38893557345529,12.396989130290892,61.69830482855431,60.794915748306785,1,step_change,2025-01-01 15:22:00,2025-01-01 19:33:00
2025-01-01 18:27:00,252.5622718826238,129.7997126768782,12.628903396556641,62.45888992411477,61.74554253420301,1,step_change,2025-01-01 15:22:00,2025-01-01 19:33:00
2025-01-01 18:28:00,254.25893733285187,127.55764897166944,12.739642436246372,63.32880833523931,59.90968275821715,1,step_change,2025-01-01 15:22:00,2025-01-01 19:33:00
2025-01-01 18:29:00,253.90650862053047,128.90986048837817,12.421076366873782,64.53269168308078,63.01631834411892,1,step_change,2025-01-01 15:22:00,2025-01-01 19:33:00
2025-01-01 18:30:00,254.44261165195917,127.61392158999125,12.596843934868467,61.16590673105785,61.657503485772814,1,step_change,2025-01-01 15:22:00,2025-01-01 19:33:00
2025-01-01 18:31:00,253.05382729718224,128.56789525353904,12.396158055159882,62.852809286272624,63.24414528226375,1,step_change,2025-01-01 15:22:00,2025-01-01 19:33:00
2025-01-01 18:32:00,252.3679547029825,128.38415333705356,12.502388948944686,61.63517601488938,61.68280508405935,1,step_change,2025-01-01 15:22:00,2025-01-01 19:33:00
2025-01-01 18:33:00,253.11610410987907,127.40485455494292,12.441336467418383,63.57172471454629,61.831102088135715,1,step_change,2025-01-01 15:22:00,2025-01-01 19:33:00
2025-01-01 18:34:00,253.4088920460743,128.90088289585543,12.631835517900882,61.849509835654395,60.60991534195526,1,step_change,2025-01-01 15:22:00,2025-01-01 19:33:00
2025-01-01 18:35:00,253.40938409871882,128.45107338651528,12.436305418843286,62.124078136607565,63.046332723545014,1,step_change,2025-01-01 15:22:00,2025-01-01 19:33:00
2025-01-01 18:36:00,254.2721765278879,127.4312553429754,12.686352976569017,62.23562434739566,61.153310425497516,1,step_change,2025-01-01 15:22:00,2025-01-01 19:33:00
2025-01-01 18:37:00,253.0953676490892,129.20624993806396,12.494134466428495,62.72973007416688,61.69006380853841,1,step_change,2025-01-01 15:22:00,2025-01-01 19:33:00
2025-01-01 18:38:00,253.68527615667233,129.57528970295027,12.429849711157955,63.11915251414743,62.34423022115327,1,step_change,2025-01-01 15:22:00,2025-01-01 19:33:00
2025-01-01 18:39:00,252.63212411455726,129.62018445773276,12.335501814891904,63.29118692088134,62.55738862630026,1,step_change,2025-01-01 15:22:00,2025-01-01 19:33:00
2025-01-01 18:40:00,253.80276949281512,128.95335448186034,12.557595918814966,62.87585289499081,60.43328479146588,1,step_change,2025-01-01 15:22:00,2025-01-01 19:33:00
2025-01-01 18:41:00,253.4646048427241,128.77753313903054,12.649926607234798,61.706929144028116,62.27204356912913,1,step_change,2025-01-01 15:22:00,2025-01-01 19:33:00
2025-01-01 18:42:00,252.88198207244199,129.5587567036276,12.552582287092987,63.579218393664846,63.57141683033689,1,step_change,2025-01-01 15:22:00,2025-01-01 19:33:00
2025-01-01 18:43:00,253.31299631236044,129.7833041568903,12.843261442984549,62.89451406385897,62.23097788782965,1,step_change,2025-01-01 15:22:00,2025-01-01 19:33:00
2025-01-01 18:44:00,253.37425849055518,129.4660732631062,12.717670458637818,64.00328491092944,62.48285394679525,1,step_change,2025-01-01 15:22:00,2025-01-01 19:33:00
2025-01-01 18:45:00,253.32552640256432,128.23311423765404,12.452752602673973,62.33388143744805,63.01466598929773,1,step_change,2025-01-01 15:22:00,2025-01-01 19:33:00
2025-01-01 18:46:00,254.97888695454253,128.93099515037687,12.44677159810215,61.539493826417704,62.73556366515169,1,step_change,2025-01-01 15:22:00,2025-01-01 19:33:00
2025-01-01 18:47:00,253.50333255169954,129.0860960053634,12.56043944101981,62.95918116594022,61.71671847630465,1,step_change,2025-01-01 15:22:00,2025-01-01 19:33:00
2025-01-01 18:48:00,253.40735969590867,127.74886081681512,12.359707319561116,64.16199170326173,62.97601875903938,1,step_change,2025-01-01 15:22:00,2025-01-01 19:33:00
2025-01-01 18:49:00,251.94501478358916,129.12853862961578,12.65569553359451,63.14387637455295,64.27848780280857,1,step_change,2025-01-01 15:22:00,2025-01-01 19:33:00
2025-01-01 18:50:00,252.92822026415018,130.22305507778782,12.530252082451279,62.82028321858085,61.88981638263137,1,step_change,2025-01-01 15:22:00,2025-01-01 19:33:00
2025-01-01 18:51:00,253.4538495258372,129.25560589820918,12.509658995157228,62.21519443493793,62.7671312049107,1,step_change,2025-01-01 15:22:00,2025-01-01 19:33:00
2025-01-01 18:52:00,253.13645965880067,129.768122686902,12.569330627039806,64.57658086119596,61.623481110002984,1,step_change,2025-01-01 15:22:00,2025-01-01 19:33:00
2025-01-01 18:53:00,254.8114527123929,129.0063006919261,12.719729581749434,62.06159776626406,64.47566641901312,1,step_change,2025-01-01 15:22:00,2025-01-01 19:33:00
2025-01-01 18:54:00,253.59519244575034,128.86514420461552,12.481886882188144,62.32660103495328,63.29938068242699,1,step_change,2025-01-01 15:22:00,2025-01-01 19:33:00
2025-01-01 18:55:00,254.7790651690284,129.15040765951542,12.43414782885668,63.481271788896905,62.453799454498885,1,step_change,2025-01-01 15:22:00,2025-01-01 19:33:00
2025-01-01 18:56:00,253.81895153803765,128.44476469551935,12.672194838784824,61.28418033372329,63.64820525166437,1,step_change,2025-01-01 15:22:00,2025-01-01 19:33:00
2025-01-01 18:57:00,253.82075899935012,128.3686576133925,12.585726068060081,64.08566544776521,62.15622586502263,1,step_change,2025-01-01 15:22:00,2025-01-01 19:33:00
2025-01-01 18:58:00,253.74143918801474,129.71941363335634,12.387077646549816,63.48182439170555,62.42301623609245,1,step_change,2025-01-01 15:22:00,2025-01-01 19:33:00
2025-01-01 18:59:00,253.83712355626687,129.79579055843507,12.430559133353647,63.70846276939522,61.973313676617614,1,step_change,2025-01-01 15:22:00,2025-01-01 19:33:00
2025-01-01 19:00:00,255.2308432331589,128.39052164492492,12.453571206102747,63.37815817230083,62.507193325768924,1,step_change,2025-01-01 15:22:00,2025-01-01 19:33:00
2025-01-01 19:01:00,252.02194966407956,129.5788309731603,12.472946217595755,62.705140691539604,65.47757268679605,1,step_change,2025-01-01 15:22:00,2025-01-01 19:33:00
2025-01-01 19:02:00,252.2983428736507,128.9587478816148,12.209522767775386,61.86522578151281,63.03004270287819,1,step_change,2025-01-01 15:22:00,2025-01-01 19:33:00
2025-01-01 19:03:00,253.48709410488664,129.22774705356014,12.175907756149531,62.66551681181813,64.5298432100684,1,step_change,2025-01-01 15:22:00,2025-01-01 19:33:00
2025-01-01 19:04:00,253.95541431837353,129.31297694381527,12.268369860514946,61.88102372443002,63.0269643252605,1,step_change,2025-01-01 15:22:00,2025-01-01 19:33:00
2025-01-01 19:05:00,254.518146601949,129.64648564490977,12.25089672260834,63.161064493893406,65.00167749784542,1,step_change,2025-01-01 15:22:00,2025-01-01 19:33:00
2025-01-01 19:06:00,254.36691353766622,129.11258158394742,12.293095226902237,63.41206221168761,62.918201034953775,1,step_change,2025-01-01 15:22:00,2025-01-01 19:33:00
2025-01-01 19:07:00,253.70353729332004,129.92216879516914,12.478869997501851,63.975182563659864,64.25538034315349,1,step_change,2025-01-01 15:22:00,2025-01-01 19:33:00
2025-01-01 19:08:00,254.84876860726854,129.27488581394834,12.352252861181192,62.93841104110649,64.33007430718295,1,step_change,2025-01-01 15:22:00,2025-01-01 19:33:00
2025-01-01 19:09:00,254.88039884423245,129.47696070233874,12.400915560337427,63.391387157290005,67.11789715799972,1,step_change,2025-01-01 15:22:00,2025-01-01 19:33:00
2025-01-01 19:10:00,254.22630674898124,128.61575006820706,12.181611345898894,62.244985617924506,65.13844488528136,1,step_change,2025-01-01 15:22:00,2025-01-01 19:33:00
2025-01-01 19:11:00,254.8721134485832,130.4242059073147,12.289748429904254,62.032824647649655,63.7273729794252,1,step_change,2025-01-01 15:22:00,2025-01-01 19:33:00
2025-01-01 19:12:00,254.34313930142815,129.42425366318508,12.44075980063721,62.838163578436905,65.31735303913732,1,step_change,2025-01-01 15:22:00,2025-01-01 19:33:00
2025-01-01 19:13:00,253.69898100981578,129.58355063970237,12.43552998274886,62.01036037208719,67.11704717379986,1,step_change,2025-01-01 15:22:00,2025-01-01 19:33:00
2025-01-01 19:14:00,254.72967372841612,128.20427937525758,12.231157667926713,62.5445388735849,62.65111893258382,1,step_change,2025-01-01 15:22:00,2025-01-01 19:33:00
2025-01-01 19:15:00,254.28327190954565,128.6890534624148,12.357591497768695,61.28906005665829,63.65064304740951,1,step_change,2025-01-01 15:22:00,2025-01-01 19:33:00
2025-01-01 19:16:00,254.21932261226107,129.93893377375295,12.656610599031367,61.39032284315614,64.43177248555402,1,step_change,2025-01-01 15:22:00,2025-01-01 19:33:00
2025-01-01 19:17:00,255.42019092384834,129.38191211999361,12.317529020161022,62.693122607284096,64.26945457393872,1,step_change,2025-01-01 15:22:00,2025-01-01 19:33:00
2025-01-01 19:18:00,252.30481553906822,128.0751284313722,12.209521096908203,62.85457258019039,64.42404021861677,1,step_change,2025-01-01 15:22:00,2025-01-01 19:33:00
2025-01-01 19:19:00,253.15515876078746,129.86003391924936,12.280711493241906,61.10260874226318,63.31112841351374,1,step_change,2025-01-01 15:22:00,2025-01-01 19:33:00
2025-01-01 19:20:00,253.3635501226384,128.92449876542358,12.313826566129025,62.52427082568146,66.61327854103676,1,step_change,2025-01-01 15:22:00,2025-01-01 19:33:00
2025-01-01 19:21:00,254.04660565486347,130.11131185171982,12.270497487794591,61.37016637465751,63.273184634161915,1,step_change,2025-01-01 15:22:00,2025-01-01 19:33:00
2025-01-01 19:22:00,254.15764251715012,129.22561811971678,12.28159205105429,61.79130720994412,64.79129710868642,1,step_change,2025-01-01 15:22:00,2025-01-01 19:33:00
2025-01-01 19:23:00,253.17969041211887,129.4149859873973,12.062851692654542,62.97646242345792,66.33723495181589,1,step_change,2025-01-01 15:22:00,2025-01-01 19:33:00
2025-01-01 19:24:00,253.6217532036215,130.01342168091196,12.127999728580836,62.35066960352134,65.09614484990287,1,step_change,2025-01-01 15:22:00,2025-01-01 19:33:00
2025-01-01 19:25:00,253.74564162993772,128.7814845442802,12.242972928570676,62.260916812196626,64.00665929312657,1,step_change,2025-01-01 15:22:00,2025-01-01 19:33:00
2025-01-01 19:26:00,256.42479605422193,128.73824799534458,12.23351646258161,63.18125071735044,63.61251886342212,1,step_change,2025-01-01 15:22:00,2025-01-01 19:33:00
2025-01-01 19:27:00,255.92489842941956,129.23007706558133,12.166267451293457,60.74658656376543,65.00335434311503,1,step_change,2025-01-01 15:22:00,2025-01-01 19:33:00
2025-01-01 19:28:00,254.1788595269049,129.85834404335574,12.217489947934016,60.407585635632984,64.41876268601449,1,step_change,2025-01-01 15:22:00,2025-01-01 19:33:00
2025-01-01 19:29:00,254.24225253210255,128.577622388388,12.24599854214269,60.5578407330065,65.62073607445443,1,step_change,2025-01-01 15:22:00,2025-01-01 19:33:00
2025-01-01 19:30:00,253.63872179563504,128.38948040878833,12.363022077897732,60.88968655020995,63.73938861654948,1,step_change,2025-01-01 15:22:00,2025-01-01 19:33:00
2025-01-01 19:31:00,253.05665202785042,129.89873012705016,12.207452702221994,58.90876484076138,66.44284961949688,1,step_change,2025-01-01 15:22:00,2025-01-01 19:33:00
2025-01-01 19:32:00,254.5148289186119,129.0569508788287,12.274886250521918,60.74846173127604,65.651343363614,1,step_change,2025-01-01 15:22:00,2025-01-01 19:33:00
2025-01-01 19:33:00,253.83533334096472,129.1976863668756,12.126430189031408,60.35051233296159,65.78536028170866,1,step_change,2025-01-01 15:22:00,2025-01-01 19:33:00
2025-01-01 19:34:00,262.0397591283596,128.33326357287308,12.286098474080037,61.44970951843242,67.33111196633266,0,none,,
2025-01-01 19:35:00,260.8529664460485,129.0543337135902,12.249223223823751,60.96345312772762,65.12011415568594,0,none,,
2025-01-01 19:36:00,261.5491476874962,129.4715959779148,12.315282747101941,60.005878770199494,64.81751855207236,0,none,,
2025-01-01 19:37:00,262.30332941477974,130.04882160563102,12.284944014352016,60.976011025214696,65.07358825578255,0,none,,
2025-01-01 19:38:00,262.50320005296794,129.04235872306785,12.258719550254526,60.99286493358618,65.54165029214558,0,none,,
2025-01-01 19:39:00,262.5701185240431,130.5140677375768,12.148101658620378,59.54549168121725,65.7046688279458,0,none,,
2025-01-01 19:40:00,261.20576209045447,129.1234969179005,12.192032311118183,59.68712047782742,64.85749639228146,0,none,,
2025-01-01 19:41:00,262.97201771138225,129.13900705541297,12.307218315085125,58.02011195065501,63.46649635341219,0,none,,
2025-01-01 19:42:00,261.6743189366194,130.48595132026404,12.042256032903124,58.93191131765984,65.26030247154094,0,none,,
2025-01-01 19:43:00,262.84709689575027,129.70513049311188,12.038157294208371,59.134352464449066,66.40377602161652,0,none,,
2025-01-01 19:44:00,262.35872478091045,129.26180004684514,12.15196172418321,59.756931491124206,66.17340824357514,0,none,,
2025-01-01 19:45:00,261.2926535515415,129.51473826745993,12.179346146749495,58.72551570925213,67.48661764078926,0,none,,
2025-01-01 19:46:00,262.1674356667229,130.43450824252017,11.985725340405688,58.99903751720399,68.43032699228978,0,none,,
2025-01-01 19:47:00,262.7394173331842,130.51727433324757,12.090395317797418,58.2417719692245,67.03086737682554,0,none,,
2025-01-01 19:48:00,262.96433315924946,129.16240778196692,12.07976086288982,59.380673970446,67.8139442430748,0,none,,
2025-01-01 19:49:00,262.38810683313,129.64199686023818,11.753803555854187,59.49062899094133,67.10962628773044,0,none,,
2025-01-01 19:50:00,263.7533581134115,129.736567013655,12.045376616943217,59.34917788345804,68.27527516084697,0,none,,
2025-01-01 19:51:00,263.361082792011,129.10578684003244,12.046924763547432,58.876522808890094,68.47763686609446,0,none,,
2025-01-01 19:52:00,262.3769911497266,129.6792199862627,12.03867313653714,57.355603376007444,67.4305410530237,0,none,,
2025-01-01 19:53:00,263.20975302047725,129.73096687075756,12.267288112384634,58.06064203524381,67.16863969155703,0,none,,
2025-01-01 19:54:00,264.18413211217876,130.42708290570712,11.864705712660376,58.12695332683389,66.10585241020773,0,none,,
2025-01-01 19:55:00,264.23302714638135,130.48263812771796,11.915548491857395,58.00442838658801,66.33297719731293,0,none,,
2025-01-01 19:56:00,261.70988185250565,129.5759250931361,11.639572203997867,58.307716359819175,66.0069281327521,0,none,,
2025-01-01 19:57:00,261.9787974686375,129.66038809600153,11.95141838952932,59.39507258773301,67.18688267478302,0,none,,
2025-01-01 19:58:00,263.93580085374765,130.20268614138362,11.956359635865823,58.713876061640185,65.60530453822818,0,none,,
2025-01-01 19:59:00,261.929182272395,129.46838989442094,11.93135718089267,56.96421893849568,66.26802669472944,0,none,,
2025-01-01 20:00:00,261.74581467066,130.18812058158133,12.166151600922564,58.332673951411586,63.69806973955663,0,none,,
2025-01-01 20:01:00,262.44303166421435,129.7976673445675,12.121238871007739,58.16668073633787,68.61818547068053,0,none,,
2025-01-01 20:02:00,263.19640640493054,129.284287952253,11.995972339655372,56.732456058021285,66.31139375934718,0,none,,
2025-01-01 20:03:00,262.80664416570244,129.3073819435186,11.92085215251358,58.088655587025926,67.14742431627626,0,none,,
2025-01-01 20:04:00,262.39654529946284,130.76531696586338,12.122526876470264,57.04638863837221,68.37411251396186,0,none,,
2025-01-01 20:05:00,262.4061588065827,129.81886743583166,11.957794443486536,55.78715350692657,67.0084348135552,0,none,,
2025-01-01 20:06:00,262.4042893623453,130.91261204545376,11.830184036725525,57.330551825803646,68.4038803022716,0,none,,
2025-01-01 20:07:00,262.2992789470995,129.63593768108214,11.687661727179275,56.98030762515487,65.20243614240914,0,none,,
2025-01-01 20:08:00,264.85701772488227,130.13460288028784,11.871085747955055,56.44376098682576,69.59049317133712,0,none,,
2025-01-01 20:09:00,263.2986419267246,131.41128647955102,12.04267410410119,56.478089744686315,68.03855702241505,0,none,,
2025-01-01 20:10:00,263.7990585686465,129.35708933866982,12.263165088099433,55.72728675007992,67.00471283391799,0,none,,
2025-01-01 20:11:00,262.7275039477185,128.86871376764915,11.923145978733714,56.78582861945319,68.48266948478484,0,none,,
2025-01-01 20:12:00,262.9992112505786,130.7952776589088,11.791335993707817,56.05947636573257,65.38837417605693,0,none,,
2025-01-01 20:13:00,262.6064398798172,129.54319914714475,11.720645516447952,56.10992202839863,66.46181525759933,0,none,,
2025-01-01 20:14:00,261.0853183996616,130.04286162636834,11.973451919150552,56.142789471621214,68.55792406997448,0,none,,
2025-01-01 20:15:00,262.13377490470646,129.71977504297269,11.618253398932683,54.64322816269895,64.60027344057066,0,none,,
2025-01-01 20:16:00,261.81727962068544,130.2483037371856,11.957804750720078,54.738286120027375,67.52846688609863,0,none,,
2025-01-01 20:17:00,261.4956344828756,129.53320390287058,11.990238279926537,53.41481100414389,67.50894901784648,0,none,,
2025-01-01 20:18:00,262.3689556888294,130.01172047571498,11.925374699671385,55.77252623899979,69.24707526616078,0,none,,
2025-01-01 20:19:00,264.41508291585234,130.40577185107853,11.819358773391821,54.03368587793669,64.99736953360375,0,none,,
2025-01-01 20:20:00,263.34953880010255,129.54713455751295,11.92944967097051,55.10436635398312,68.84062873243997,0,none,,
2025-01-01 20:21:00,264.4476016788868,129.74834569430826,11.862776485750201,55.17932628610454,66.24910434141071,0,none,,
2025-01-01 20:22:00,263.7740929513828,129.9762815039501,11.712872216898559,55.24798478866664,66.39469674304453,0,none,,
2025-01-01 20:23:00,264.1016031687821,129.3437757845517,12.09963690337091,53.48277195690532,65.47458161822729,0,none,,
2025-01-01 20:24:00,262.78518043750665,129.9639209243834,11.761837896433454,54.368393751391174,65.64468206782952,0,none,,
2025-01-01 20:25:00,263.9554931377492,130.30516641327304,11.92349916588559,55.791118144194556,67.44268680266494,0,none,,
2025-01-01 20:26:00,264.1498302235562,130.0106284835039,11.43692374205538,55.69179245822569,65.63125408736086,0,none,,
2025-01-01 20:27:00,263.13615929006664,130.10403957251333,11.983800398170644,54.89880276210654,67.86122207871593,0,none,,
2025-01-01 20:28:00,264.0758192362092,130.27147022233783,12.005293791971006,54.17556003268171,66.18338546023713,0,none,,
2025-01-01 20:29:00,264.1119381916521,129.90654891620403,11.782140605563093,52.829168343758454,65.52860266791714,0,none,,
2025-01-01 20:30:00,263.2502378613485,130.73125418879204,11.854205595791612,54.24285715026912,66.35540487666235,0,none,,
2025-01-01 20:31:00,262.8226478117201,131.19486294052143,11.846930963410575,53.316639817487236,67.39659070173194,0,none,,
2025-01-01 20:32:00,262.804632812841,130.07134488066595,11.659540478708411,53.826565053548464,66.66271756560037,0,none,,
2025-01-01 20:33:00,263.8523028482527,130.65782661168478,11.830872503293445,52.61627228663989,67.0388258902543,0,none,,
2025-01-01 20:34:00,264.07595895391694,130.23970931460818,11.620398771434141,52.894485997985775,67.83468758604636,0,none,,
2025-01-01 20:35:00,263.21167243707634,130.61958119929088,11.6433132473218,53.06274677771569,68.29884171198128,0,none,,
2025-01-01 20:36:00,263.898392504319,131.35660281507953,11.896647171638119,53.002187896983116,66.62775131607027,0,none,,
2025-01-01 20:37:00,264.3650737644177,130.7392141156054,11.866829941409963,53.09108758838761,65.74596136986902,0,none,,
2025-01-01 20:38:00,264.43480507140595,129.38688981824487,11.607748418526867,51.99237801669777,67.08873574318137,0,none,,
2025-01-01 20:39:00,265.21345310365723,130.74029279868452,11.59679080357667,51.17237121849666,67.55982910549669,0,none,,
2025-01-01 20:40:00,265.0253180070446,131.22460713818796,11.60316050963135,53.712105157026116,65.239039382687,0,none,,
2025-01-01 20:41:00,263.23457203509963,130.3689611235448,11.803120083323595,54.35943650693958,65.91927319943004,0,none,,
2025-01-01 20:42:00,265.41443317403025,131.11636596967062,11.536503144048872,52.39197307628865,66.12030597337574,0,none,,
2025-01-01 20:43:00,263.6748288900511,130.1220182143487,11.733338186306025,50.66880532241748,66.7285049139022,0,none,,
2025-01-01 20:44:00,264.9676407686269,129.66190255372973,11.78524360058613,51.036582727104,66.05844694340881,0,none,,
2025-01-01 20:45:00,264.21835045596697,130.65510189260215,11.653421042644274,52.06371959384185,67.81316806115937,0,none,,
2025-01-01 20:46:00,263.8665461725004,129.5337246655797,11.811665812374839,52.68660727502773,65.03082715263056,0,none,,
2025-01-01 20:47:00,262.78249826180985,130.4609939546096,11.60806636055419,50.26316344320618,65.0528294490629,0,none,,
2025-01-01 20:48:00,264.12387943896255,131.3942432938938,11.615250508475429,51.119137639197945,66.53856822276035,0,none,,
2025-01-01 20:49:00,263.0461846468345,129.49359693783515,11.494418304987825,51.28479626221598,66.71843337719064,0,none,,
2025-01-01 20:50:00,265.10017536781345,129.88910858042635,11.787319744737799,51.765183638201044,65.17286617361216,0,none,,
2025-01-01 20:51:00,265.57249906909726,130.05497437931382,11.513565563367269,50.557650054385405,66.17880360396778,0,none,,
2025-01-01 20:52:00,263.7543489988476,130.6536238301255,11.674873538027356,49.34054480948575,66.41335560868332,0,none,,
2025-01-01 20:53:00,264.666350774721,130.48964250390625,11.605639188742758,51.189438034594616,66.40960055611785,0,none,,
2025-01-01 20:54:00,263.87744055631987,131.56604590148692,11.452413711535142,51.52638983375592,67.05001113505682,0,none,,
2025-01-01 20:55:00,263.988028443532,131.3166990923056,11.513027039366461,50.324820840224646,66.05930082981872,0,none,,
2025-01-01 20:56:00,265.1435569610604,131.05881426679454,11.805952472040795,50.65035039118271,68.61128965704013,0,none,,
2025-01-01 20:57:00,264.52635772997735,130.8666233300447,11.62296818407541,49.74650939719273,67.4076724193472,0,none,,
2025-01-01 20:58:00,265.9822157386197,131.03281174330547,11.435614703378722,49.30174336606082,65.83648329134475,0,none,,
2025-01-01 20:59:00,264.23810176329795,130.29734714775375,11.627124967197297,50.87761324808677,66.9008797255273,0,none,,
2025-01-01 21:00:00,265.4568283788603,131.3465592591676,11.55381882654889,50.19500476513149,66.91798641105741,0,none,,
2025-01-01 21:01:00,264.76884238363044,130.18273663624456,12.088325794281836,50.18158848765006,68.20779357781657,0,none,,
2025-01-01 21:02:00,265.3611668219963,131.36895303559172,11.607543953593968,50.98776079622016,66.00988844582693,0,none,,
2025-01-01 21:03:00,264.400531115086,131.5972093516671,11.502312767278633,48.58373344684672,67.63063529146636,0,none,,
2025-01-01 21:04:00,264.75240270720474,131.02987283510535,11.767117292381629,48.93516756437207,66.73879991046901,0,none,,
2025-01-01 21:05:00,264.73352256186723,130.81548952516712,11.272740690418686,49.47472694706613,68.45646656702526,0,none,,
2025-01-01 21:06:00,264.1910268539608,131.1792995057514,11.557904444097145,48.727027095450794,68.19293763184831,0,none,,
2025-01-01 21:07:00,265.4235672857073,129.2401315021237,11.837859174958085,49.84381007006554,66.85679562060282,0,none,,
2025-01-01 21:08:00,265.4482090440877,131.15635903093502,11.516282530471853,48.87619138967049,66.28150787257486,0,none,,
2025-01-01 21:09:00,265.4370392827268,130.92498573746377,11.268814684774341,48.05924865806948,67.17927731929348,0,none,,
2025-01-01 21:10:00,266.22603127744014,130.98064761312665,11.46460030116367,48.92124230731681,66.32919278240465,0,none,,
2025-01-01 21:11:00,266.19027499638105,131.45300248915203,11.737425418529218,48.92674198790486,68.53576611604352,0,none,,
2025-01-01 21:12:00,264.7652606099676,131.00231213116405,11.571000242823146,49.5279369166955,66.58651153118164,0,none,,
2025-01-01 21:13:00,265.3981518587424,130.3811717210072,11.384186650476115,48.95575892414551,65.97781416779493,0,none,,
2025-01-01 21:14:00,264.635399159299,130.99860827696543,11.402737865749938,48.934121828219084,65.88457619833238,0,none,,
2025-01-01 21:15:00,265.18760936229125,131.14216875269832,11.417163191946003,48.72648470422895,64.95129478173182,0,none,,
2025-01-01 21:16:00,264.7238462667619,131.18881277447235,11.550977341840845,48.18995281317366,67.04492902713667,0,none,,
2025-01-01 21:17:00,266.5344977325325,131.23525223921425,11.693292726918413,47.637909577830726,65.36246590343107,0,none,,
2025-01-01 21:18:00,265.5642702302933,131.78000130612568,11.646279353307422,48.46766121052695,67.63298255941885,0,none,,
2025-01-01 21:19:00,265.13383281965866,130.5230693190721,11.552757980415498,47.8351633156803,64.73171536883025,0,none,,
2025-01-01 21:20:00,266.2981691993659,131.29845124948255,11.280638043720716,49.585176027248274,66.4032709214484,0,none,,
2025-01-01 21:21:00,263.6418736602801,131.98536031421946,11.277312518657306,49.203772468565596,67.59750799526144,0,none,,
2025-01-01 21:22:00,263.8022486024412,130.1890375511433,11.552697535584883,48.49896990141596,63.60051951952868,0,none,,
2025-01-01 21:23:00,266.0854389528007,131.35602468706173,11.26718675283224,48.20579497547511,68.57043310232763,0,none,,
2025-01-01 21:24:00,265.53245241219486,130.91547192119157,11.43156103232669,47.72394496893408,65.60279641194236,0,none,,
2025-01-01 21:25:00,265.7198162071042,131.062765088856,11.507498922008313,46.6082223842965,66.24640693143611,0,none,,
2025-01-01 21:26:00,264.49379529751945,130.7608289064773,11.287809730085682,47.49101485051085,66.72611894605036,0,none,,
2025-01-01 21:27:00,265.57184933546074,131.22053469730514,11.301474745551122,47.72139403683676,66.87435974963638,0,none,,
2025-01-01 21:28:00,267.22883867636716,132.44559968034199,11.437754565729266,47.783453921618666,66.29363231794323,0,none,,
2025-01-01 21:29:00,266.32105601563,130.60079858320753,11.524272817039268,47.9485960478213,67.12314567585898,0,none,,
2025-01-01 21:30:00,265.83319666206194,130.6763304259909,11.604900096055292,48.30655736723118,66.50983173045424,0,none,,
2025-01-01 21:31:00,265.3819929436587,130.61560428779467,11.533772283492427,46.80805986521173,67.96002137245887,0,none,,
2025-01-01 21:32:00,265.4534515795922,132.4519134140967,11.450900233350508,46.77217441501165,66.43313299982528,0,none,,
2025-01-01 21:33:00,264.101694085216,131.15678467526058,11.325155985412952,48.65097641610862,68.12264178563227,0,none,,
2025-01-01 21:34:00,266.04717561622886,131.43755959691305,11.273779055968015,47.99968350204113,66.80448077753393,0,none,,
2025-01-01 21:35:00,266.553528596604,131.2300561144273,11.355210359053565,46.91704461910835,63.513765413945094,0,none,,
2025-01-01 21:36:00,264.6527930245087,130.92388314222697,11.490856427969993,47.13754182738973,68.77084522555623,0,none,,
2025-01-01 21:37:00,265.42036849232994,131.36828544793775,11.47748158931979,47.109248328977884,64.9045473101243,0,none,,
2025-01-01 21:38:00,265.0598105599476,133.00318877416458,11.109722861220316,47.20014203307865,67.3440378684989,0,none,,
2025-01-01 21:39:00,265.2498479039296,132.3823795774915,11.304675303887686,47.56955911638108,65.53655343935336,0,none,,
2025-01-01 21:40:00,266.10132668335126,131.054296218447,11.601120636967483,49.40044978493454,66.73212225445398,0,none,,
2025-01-01 21:41:00,264.4274977004314,131.97355255534623,11.430343711346568,47.266949840821745,64.58645326954844,0,none,,
2025-01-01 21:42:00,266.62297892913665,131.1050707440881,11.204026710795947,47.67212747699705,66.11674187590056,0,none,,
2025-01-01 21:43:00,266.77125448977654,130.5571670974546,11.768167784934615,45.53999410327318,65.01465180557805,0,none,,
2025-01-01 21:44:00,266.00396050874593,132.2537242919219,11.408770179712503,46.60586640658284,67.16533299850126,0,none,,
2025-01-01 21:45:00,264.2570117938948,132.35713012543712,11.469178925655074,48.13508716346496,65.74840189710852,0,none,,
2025-01-01 21:46:00,265.48124318732573,132.3077888873486,11.469975768868396,47.38054277118736,66.29602944622754,0,none,,
2025-01-01 21:47:00,267.3015621701627,131.41734777666846,11.353527044641126,43.059992305266654,62.526336944766264,0,none,,
2025-01-01 21:48:00,264.1297703653269,131.61833697206126,11.298250943369709,47.61098659827868,64.97031106884157,0,none,,
2025-01-01 21:49:00,266.1111344420372,132.1874231537749,11.724460415668089,48.72731950356739,65.51487302928248,0,none,,
2025-01-01 21:50:00,265.48220172714525,131.99164860154178,11.555613963618377,45.20369713465576,65.23921099552605,0,none,,
2025-01-01 21:51:00,267.1069691457742,131.53978122743277,11.527449505993346,48.36894215725135,66.07237869259278,0,none,,
2025-01-01 21:52:00,265.960393252886,130.8237587473461,11.489730241536767,44.51064889125344,64.42748244760996,0,none,,
2025-01-01 21:53:00,266.8608796746773,131.88279030735552,11.252019434900951,47.85595894888771,64.8721558994878,0,none,,
2025-01-01 21:54:00,267.02737694703956,132.4811593717518,11.593479128521164,47.012760369770284,66.177599455684,0,none,,
2025-01-01 21:55:00,268.0813411228209,131.1345138811782,11.274814747355077,44.916784893858555,61.97169449758694,0,none,,
2025-01-01 21:56:00,266.48741799559934,132.25566044173047,11.443315298869853,47.44692508989441,65.35881978778883,0,none,,
2025-01-01 21:57:00,266.9880769792358,132.0906923018876,11.154554092435882,48.09722192531485,64.19590517846252,0,none,,
2025-01-01 21:58:00,265.53672543893384,132.36124305053764,11.094076777417538,47.40744771452948,63.446248938655614,0,none,,
2025-01-01 21:59:00,267.71468698836185,132.4537503572176,11.447795083853563,47.62719006858843,64.88884950052856,0,none,,
2025-01-01 22:00:00,266.1915929215429,131.5333208548448,11.278635109920764,46.75363863734869,65.9014119004452,0,none,,
2025-01-01 22:01:00,266.3890976466786,130.999283100713,11.101676267761004,45.474597363050734,65.61843122325567,0,none,,
2025-01-01 22:02:00,266.85766040349984,131.66882938433162,11.481297030456727,47.800617999450665,64.15183188988638,0,none,,
2025-01-01 22:03:00,265.6629650747464,132.5419232867738,11.718474693913185,48.783193818581054,65.30689250983386,0,none,,
2025-01-01 22:04:00,267.1341583016651,131.7027736072686,11.609256317934266,48.25788636379732,65.2392539390736,0,none,,
2025-01-01 22:05:00,267.7630404048237,131.63110208338696,11.362686963266988,45.48738703853412,64.03383573284198,0,none,,
2025-01-01 22:06:00,267.2613944972402,130.9742928941962,11.403176395764664,45.95063466931583,63.247639538504544,0,none,,
2025-01-01 22:07:00,265.79396394554794,133.13828936476847,11.535672981972791,46.592574236800914,63.257262961815854,0,none,,
2025-01-01 22:08:00,267.00412318782094,132.60174927789046,11.57160606575427,45.96250192923896,64.96473462780293,0,none,,
2025-01-01 22:09:00,267.73493600043287,132.5879012879521,11.352628568003189,47.480501591246096,63.848067059678804,0,none,,
2025-01-01 22:10:00,265.67711730781707,132.72626369898012,11.410259740534398,47.84165834323084,62.582129669265626,0,none,,
2025-01-01 22:11:00,266.35794369824407,132.51134022913362,11.451301388922879,46.249497973224834,61.75419719671976,0,none,,
2025-01-01 22:12:00,267.95729188482795,132.03842643754342,11.49046844368474,48.28755673664619,64.71230052370817,0,none,,
2025-01-01 22:13:00,267.51048570113323,132.1064954349331,11.388704898263464,48.182807592085624,62.995631563113164,0,none,,
2025-01-01 22:14:00,267.66239038704254,131.96796684847018,11.392034268701316,47.20438512400065,63.9854934079978,0,none,,
2025-01-01 22:15:00,268.85886370478465,133.8251227271015,11.61850368122122,47.60059718555424,65.01354524369796,0,none,,
2025-01-01 22:16:00,267.7846153420705,132.59761935180697,11.59453954492615,46.06139118452747,61.89166978266085,0,none,,
2025-01-01 22:17:00,267.97463886392,132.0056065916781,11.486406193710305,47.579709822974,63.34431680904783,0,none,,
2025-01-01 22:18:00,269.65552984092494,132.58302032247903,11.674444408264833,47.950094964392385,63.129378519166764,0,none,,
2025-01-01 22:19:00,267.35454391411884,131.71705679953257,11.360494589841984,48.16217354137219,63.72526714048559,0,none,,
2025-01-01 22:20:00,266.92598421866103,133.2461583768018,11.663890521520965,48.42027127459247,64.69157333712006,0,none,,
2025-01-01 22:21:00,267.94527869337315,131.96670919867213,11.503904174658144,48.37018908851827,61.54389339224796,0,none,,
2025-01-01 22:22:00,267.9930333675737,132.68391815293288,11.915362077411274,47.98563812109704,63.75730308656089,0,none,,
2025-01-01 22:23:00,267.25931457076217,133.04278944631218,11.248115744308315,48.55636299905255,64.24534700747246,0,none,,
2025-01-01 22:24:00,266.89366252590133,132.6540195188335,11.325964302390307,49.27789770107856,62.71750912180521,0,none,,
2025-01-01 22:25:00,269.6063953985196,132.49981527044494,11.49466159653302,48.36941971104465,62.70954579664179,0,none,,
2025-01-01 22:26:00,268.058980362759,132.4696085786005,11.49400021329154,48.82249600700934,63.309626801091234,0,none,,
2025-01-01 22:27:00,267.25070855657276,132.44927570090707,11.729606046072764,48.45236807289204,63.153965549324575,0,none,,
2025-01-01 22:28:00,268.60835747088805,132.15715308542033,11.339595541606748,48.123043862042095,63.37140519007443,0,none,,
2025-01-01 22:29:00,267.82741810893003,132.25353253804613,11.578452046080928,49.26284092401361,63.27822261955211,0,none,,
2025-01-01 22:30:00,267.7515942487552,133.43104564327783,11.620041731195528,48.38155915197091,61.35813751459793,0,none,,
2025-01-01 22:31:00,268.442926593417,132.49825647700783,11.554422448743757,49.31967181726889,63.656364215770466,0,none,,
2025-01-01 22:32:00,266.99885462491915,132.11200575483056,11.307723274125792,49.09028269005587,63.79945370145781,0,none,,
2025-01-01 22:33:00,268.3537571380747,132.29382784810852,11.666277916493081,48.885832799464836,62.553619755755186,0,none,,
2025-01-01 22:34:00,269.64135648583965,133.2839693416076,11.642847569087396,48.9603457232936,60.468084746085125,0,none,,
2025-01-01 22:35:00,268.52331390005565,133.04926888418942,11.551814033048945,48.896415420207305,62.053879145434905,0,none,,
2025-01-01 22:36:00,267.8888226197014,133.0002776330761,11.49604823856832,47.97227320992798,62.35512359286892,0,none,,
2025-01-01 22:37:00,267.82356954767107,132.52975968565983,11.50292361902883,49.89955932125744,60.678346119813675,0,none,,
2025-01-01 22:38:00,267.9404837337671,133.0484990289551,11.460899363566915,49.8664639630057,61.549505583209296,0,none,,
2025-01-01 22:39:00,268.1051275150968,132.33857068233587,11.572620165894218,50.527520335174124,60.22001553619033,0,none,,
2025-01-01 22:40:00,268.04563391383937,132.58918122287835,11.485054985671082,49.390846480252286,62.56938742193767,0,none,,
2025-01-01 22:41:00,269.12054884483973,133.3470908974267,11.357077406796234,51.68290644388581,61.968959233967816,0,none,,
2025-01-01 22:42:00,267.0405915620302,133.310049459267,11.331127154663406,49.74473235234313,59.72385508251605,0,none,,
2025-01-01 22:43:00,269.156456168753,132.21662747927257,11.379757868929772,49.40982625319451,62.04934844639698,0,none,,
2025-01-01 22:44:00,268.20284185314296,132.31276374211197,11.530117495615162,49.415501639962784,61.48839712418381,0,none,,
2025-01-01 22:45:00,268.84792143673735,132.91162262843014,11.49707485715319,48.86310971641734,62.104351593182145,0,none,,
2025-01-01 22:46:00,267.6845817334088,133.902417783789,11.537825855820103,51.918220797605656,60.94309931710364,0,none,,
2025-01-01 22:47:00,269.68892201457703,131.73775138510922,11.58513703693491,51.88939106904293,60.3792917958517,0,none,,
2025-01-01 22:48:00,269.6624060018878,133.07445727780492,11.4204916644875,51.31399918482843,60.34403530100972,0,none,,
2025-01-01 22:49:00,269.47348662643196,132.1022132534861,11.739096737637166,50.086034217186906,60.55108720340916,0,none,,
2025-01-01 22:50:00,267.53396138233956,132.56763690512398,11.483831371768138,52.64309184352301,61.14719293703601,0,none,,
2025-01-01 22:51:00,269.4490474069994,132.74998901172253,11.463795793754326,50.81805496445515,61.22974101214752,0,none,,
2025-01-01 22:52:00,269.1496538417722,132.73676573213103,11.606070358725686,51.015307679037335,60.75079964818285,0,none,,
2025-01-01 22:53:00,267.58160539348944,132.68923176586927,11.263218370399663,52.674932839645095,60.39904525952883,0,none,,
2025-01-01 22:54:00,268.88647002475983,133.034285874466,11.425176253181544,52.099490194112285,60.412610547569884,0,none,,
2025-01-01 22:55:00,269.23765350704065,132.72927412494417,11.696057035316388,53.61359865666254,63.77073847284642,0,none,,
2025-01-01 22:56:00,269.4310360841565,132.193432179545,11.293499815354247,51.9836167706588,59.76368930587463,0,none,,
2025-01-01 22:57:00,269.1681663943686,133.559320642851,11.727042623878562,51.53058692778005,59.94600832654423,0,none,,
2025-01-01 22:58:00,269.29955487700835,133.5636273600937,11.791445862346496,51.46638613466211,64.49514741126185,0,none,,
2025-01-01 22:59:00,270.2857018270546,133.63832654986865,11.514800533271645,50.48471850016893,60.97462669488941,0,none,,
2025-01-01 23:00:00,270.1279128573134,132.22851168948526,11.61950784640202,52.0271524408298,58.74027070739244,0,none,,
2025-01-01 23:01:00,266.89374434774066,133.35284602103667,11.749188786822645,53.43972539950594,61.33426547278536,0,none,,
2025-01-01 23:02:00,268.97376913180324,133.59963730334803,11.516968876377218,53.081033971712735,59.15775205743987,0,none,,
2025-01-01 23:03:00,269.1363594197909,132.59589552636376,11.722885880759161,52.69360094925034,61.26740303707086,0,none,,
2025-01-01 23:04:00,267.9067897682204,133.2406992099101,11.497849316915085,51.91383138984236,59.85008563726433,0,none,,
2025-01-01 23:05:00,269.4242310926288,133.18602528199835,11.532752166939982,53.14807406827188,59.502185176455974,0,none,,
2025-01-01 23:06:00,270.388334034793,134.3816769855012,11.490430701353143,53.99066296104559,61.88763469849063,0,none,,
2025-01-01 23:07:00,268.56054336679307,134.45169664490152,11.667733678690869,53.60260534692118,60.56301965441344,0,none,,
2025-01-01 23:08:00,269.7394144248887,132.3190085281422,11.79610312325493,53.501390799577024,60.977639444785744,0,none,,
2025-01-01 23:09:00,268.77815660803384,134.83461261588303,11.600926690596523,52.770940590875604,60.25869065382057,0,none,,
2025-01-01 23:10:00,269.0138326974277,132.80976553246273,11.444055768607907,54.405999951621276,59.130217392662225,0,none,,
2025-01-01 23:11:00,270.77384887439734,133.96795979620535,11.478599216314583,50.94457449709444,60.32397680378499,0,none,,
2025-01-01 23:12:00,269.19848359900396,133.98251956147385,11.706518761830097,54.24597920118803,60.96825557153212,0,none,,
2025-01-01 23:13:00,270.0429194843674,132.82348148604447,11.9303303479868,56.353171714004915,59.605781298146084,0,none,,
2025-01-01 23:14:00,268.21681790064804,133.73754084026046,11.71921500774226,52.82110221176613,61.53302627793197,0,none,,
2025-01-01 23:15:00,271.2443121170191,133.39775394840004,11.60862337759055,54.10041227508613,60.318668274239684,0,none,,
2025-01-01 23:16:00,270.27726798478596,133.81557551433806,11.788144174018527,54.44973926916655,59.47956814084435,0,none,,
2025-01-01 23:17:00,269.6898559098274,133.64209329140655,11.64390649511262,54.17991444955057,59.45416333580941,0,none,,
2025-01-01 23:18:00,270.33702405504704,134.24221487749176,11.629758078565798,55.668478611944664,59.24434742195858,0,none,,
2025-01-01 23:19:00,268.7894831839987,133.59038086220303,11.54945528249948,55.30053101361102,57.5055606184307,0,none,,
2025-01-01 23:20:00,270.9041355274005,133.4651551141769,11.91126732663695,55.15201672021553,58.82645370858998,0,none,,
2025-01-01 23:21:00,269.73971515650874,134.24426478021172,11.325946067477476,55.87210842139341,59.12757414804328,0,none,,
2025-01-01 23:22:00,269.87645875279713,133.95561856426346,11.833383623886126,55.30920840450122,58.29058302022242,0,none,,
2025-01-01 23:23:00,269.6872201144046,134.06723162258294,11.651069547135302,58.29549086058339,59.12296509102463,0,none,,
2025-01-01 23:24:00,269.65687208756214,133.25016183404426,11.666054590438529,55.70917303257327,58.67132977271134,0,none,,
2025-01-01 23:25:00,270.7179961721632,133.04253386568612,11.988474059286272,55.88788812315518,59.50234767690084,0,none,,
2025-01-01 23:26:00,270.4078690133057,133.34984318622435,11.634573678085014,54.31166950914425,59.297965274185074,0,none,,
2025-01-01 23:27:00,270.76544278117535,133.3387756136137,11.64679378437328,55.500682727944636,58.63129161864498,0,none,,
2025-01-01 23:28:00,270.27792564265116,134.2037868087916,11.736398878316589,57.16082370587508,56.718701551205676,0,none,,
2025-01-01 23:29:00,270.7364542672194,134.33846310449212,11.825230794041275,55.06432474095681,60.43705356940141,0,none,,
2025-01-01 23:30:00,270.03176385153967,133.6806063457304,11.704111573237016,54.46210085571107,58.046934066579006,0,none,,
2025-01-01 23:31:00,272.1915916583127,134.653053988455,11.541586697913715,56.57022500070942,58.04935200606291,0,none,,
2025-01-01 23:32:00,269.19443960642474,134.6364082777462,11.655124503140556,57.91158045092455,57.66480648409144,0,none,,
2025-01-01 23:33:00,271.49852547410336,133.98219585619574,11.984529844223182,56.852311709819716,57.41936427404485,0,none,,
2025-01-01 23:34:00,271.6251066779693,133.3638569026544,11.810932402830064,56.64736205809458,59.78817340169503,0,none,,
2025-01-01 23:35:00,269.89007170611575,134.8230588025314,11.874799413373676,55.41234670238618,59.528628828540036,0,none,,
2025-01-01 23:36:00,272.39624810883885,133.86206843121383,11.775376622299076,57.62649109579332,58.32895371396797,0,none,,
2025-01-01 23:37:00,271.4502638566838,133.9952289638284,11.723150400588667,57.94841045262135,57.59722915830563,0,none,,
2025-01-01 23:38:00,271.47183669033694,133.73662260333552,12.08122621065896,55.882787248038795,58.39996798416228,0,none,,
2025-01-01 23:39:00,270.7584080376403,133.42737175756318,11.808906951523294,58.639751978431654,57.6766367722502,0,none,,
2025-01-01 23:40:00,270.6032846169391,133.10092698494168,11.778203091009418,58.4393273521866,57.291131378285094,0,none,,
2025-01-01 23:41:00,270.6506236932951,134.38270047535386,12.016729379135905,58.89997659347407,57.85671649809284,0,none,,
2025-01-01 23:42:00,271.17166990268856,133.55381162834243,11.751578727856346,58.53587814644347,56.85347013570103,0,none,,
2025-01-01 23:43:00,272.0212980788547,135.88044751190958,11.778372437421,58.72791623025561,57.61773358754578,0,none,,
2025-01-01 23:44:00,271.0865125318244,133.4139646660722,11.876789988111879,58.736190476569,57.49253305889469,0,none,,
2025-01-01 23:45:00,270.2534263261093,133.33206269193582,11.882986322403548,59.17611130765509,57.903744497223066,0,none,,
2025-01-01 23:46:00,271.68325041269884,134.41346188053092,11.929600386890193,56.883514783273895,56.37031946682117,0,none,,
2025-01-01 23:47:00,271.80176387173555,135.04585611847193,12.212140661099909,57.29428149544681,57.89882654428206,0,none,,
2025-01-01 23:48:00,271.62971188530054,134.18791390355858,11.956576557928717,58.106555711867244,55.89279210101972,0,none,,
2025-01-01 23:49:00,271.7435303540919,134.513400130809,11.557196332392673,58.7747044412783,56.22732001925303,0,none,,
2025-01-01 23:50:00,270.97154117168174,133.08482308111144,11.970629126182704,59.362260198933626,56.214062409673204,0,none,,
2025-01-01 23:51:00,270.4862497717411,133.80534353318728,11.935159560698738,59.425322448560216,55.49702840085791,0,none,,
2025-01-01 23:52:00,270.57604827527234,133.58858182076122,11.943800425692125,60.25741719863497,57.937356041337715,0,none,,
2025-01-01 23:53:00,270.00339832197477,133.1166262070067,11.981991125211383,60.40328553763529,55.49112895014754,0,none,,
2025-01-01 23:54:00,271.5424971993895,134.34474576964465,11.948622799412071,58.70077993743378,55.75108986447955,0,none,,
2025-01-01 23:55:00,271.32735166321135,132.94976621444735,11.952866308503607,59.81556534325016,58.03245023775803,0,none,,
2025-01-01 23:56:00,271.0832953977525,133.52305140425432,12.060555057719851,58.95131729804342,55.77781422628306,0,none,,
2025-01-01 23:57:00,269.1119673670959,134.01495973466356,11.895131990965384,59.657026161804694,56.173682654937096,0,none,,
2025-01-01 23:58:00,270.51978681125445,133.85941215968342,11.8421408806694,60.22667335082954,55.12235432505521,0,none,,
2025-01-01 23:59:00,272.45549266541406,134.6169368281124,12.44571346055055,56.97832899558119,57.274067536707456,0,none,,
